<?xml version = '1.0' encoding = 'UTF-8'?>
<Relation class="oracle.dbtools.crest.model.design.logical.Relation" name="Relation_8" directorySegmentName="seg_0" id="0142B362-161A-9B9C-3E53-6C954C019643">
<createdBy>melis</createdBy>
<createdTime>2017-01-26 00:12:45 UTC</createdTime>
<ownerDesignName>sumativa1</ownerDesignName>
<engineerTo>
<item key="0DC31596-A465-FD1C-E074-5AB94F37075A" value="true"/>
</engineerTo>
<sourcePk>8E033180-2507-AD20-76EC-4338C1F76660</sourcePk>
<identifying>false</identifying>
<optionalSource>true</optionalSource>
<optionalTarget>false</optionalTarget>
<sourceCardinality>1</sourceCardinality>
<sourceEntity>C7AE4B5E-9E3E-1435-3FCB-6CDEE1B50E57</sourceEntity>
<targetCardinalityString>*</targetCardinalityString>
<targetEntity>11701D57-16AE-5BDF-6AA1-05B51599889D</targetEntity>
<transferable>true</transferable>
<deleteRule>NO ACTION</deleteRule>
</Relation>