<?xml version = '1.0' encoding = 'UTF-8'?>
<Relation class="oracle.dbtools.crest.model.design.logical.Relation" name="Relation_6" directorySegmentName="seg_0" id="023C7160-1D09-6B13-5BDE-5EB6132B7A22">
<createdBy>melis</createdBy>
<createdTime>2017-01-26 00:05:31 UTC</createdTime>
<ownerDesignName>sumativa1</ownerDesignName>
<engineerTo>
<item key="0DC31596-A465-FD1C-E074-5AB94F37075A" value="true"/>
</engineerTo>
<sourcePk>7C6794CE-22A5-E4E5-4124-AF6B53C8BAFE</sourcePk>
<targetPk>5CB0BBD8-C618-86AD-4D3A-CDEBC476DA0D</targetPk>
<identifying>false</identifying>
<optionalSource>true</optionalSource>
<optionalTarget>false</optionalTarget>
<sourceCardinality>1</sourceCardinality>
<sourceEntity>C33D8E4F-653C-931C-A8DD-BFB22DE961B5</sourceEntity>
<targetCardinalityString>*</targetCardinalityString>
<targetEntity>58F8F57D-8BD0-B0E6-B379-E8D8671F6C63</targetEntity>
<transferable>true</transferable>
<deleteRule>NO ACTION</deleteRule>
</Relation>