<?xml version = '1.0' encoding = 'UTF-8'?>
<Relation class="oracle.dbtools.crest.model.design.logical.Relation" name="Relation_7" directorySegmentName="seg_0" id="3439CA74-A55E-0292-E97F-CEF891AA3646">
<createdBy>melis</createdBy>
<createdTime>2017-01-26 00:12:34 UTC</createdTime>
<ownerDesignName>sumativa1</ownerDesignName>
<engineerTo>
<item key="0DC31596-A465-FD1C-E074-5AB94F37075A" value="true"/>
</engineerTo>
<sourcePk>44069B25-E13A-D697-9CA5-5476960696E5</sourcePk>
<identifying>false</identifying>
<optionalSource>true</optionalSource>
<optionalTarget>false</optionalTarget>
<sourceCardinality>1</sourceCardinality>
<sourceEntity>FC039B0D-B9BF-3428-D989-B395495338C1</sourceEntity>
<targetCardinalityString>*</targetCardinalityString>
<targetEntity>11701D57-16AE-5BDF-6AA1-05B51599889D</targetEntity>
<transferable>true</transferable>
<deleteRule>NO ACTION</deleteRule>
</Relation>