<?xml version = '1.0' encoding = 'UTF-8'?>
<Relation class="oracle.dbtools.crest.model.design.logical.Relation" name="Relation_5" directorySegmentName="seg_0" id="4BD1E268-A795-FFA1-3BB8-0BD12F09ED13">
<createdBy>melis</createdBy>
<createdTime>2017-01-26 00:04:46 UTC</createdTime>
<ownerDesignName>sumativa1</ownerDesignName>
<engineerTo>
<item key="0DC31596-A465-FD1C-E074-5AB94F37075A" value="true"/>
</engineerTo>
<sourcePk>E0E8D9BC-B12F-860A-C0F0-8BBF3EE76015</sourcePk>
<targetPk>8E033180-2507-AD20-76EC-4338C1F76660</targetPk>
<identifying>false</identifying>
<optionalSource>true</optionalSource>
<optionalTarget>false</optionalTarget>
<sourceCardinality>1</sourceCardinality>
<sourceEntity>8C9B0523-7ADB-CBA1-117A-849D91AC46A9</sourceEntity>
<targetCardinalityString>*</targetCardinalityString>
<targetEntity>C7AE4B5E-9E3E-1435-3FCB-6CDEE1B50E57</targetEntity>
<transferable>true</transferable>
<deleteRule>NO ACTION</deleteRule>
</Relation>