<?xml version = '1.0' encoding = 'UTF-8'?>
<Relation class="oracle.dbtools.crest.model.design.logical.Relation" name="Relation_2" directorySegmentName="seg_0" id="725E03BA-6D6E-E876-F9BE-E303711E8C0C">
<createdBy>melis</createdBy>
<createdTime>2017-01-25 23:03:59 UTC</createdTime>
<ownerDesignName>sumativa1</ownerDesignName>
<engineerTo>
<item key="0DC31596-A465-FD1C-E074-5AB94F37075A" value="true"/>
</engineerTo>
<sourcePk>7C6794CE-22A5-E4E5-4124-AF6B53C8BAFE</sourcePk>
<identifying>false</identifying>
<optionalSource>true</optionalSource>
<optionalTarget>false</optionalTarget>
<sourceCardinality>1</sourceCardinality>
<sourceEntity>C33D8E4F-653C-931C-A8DD-BFB22DE961B5</sourceEntity>
<targetCardinalityString>*</targetCardinalityString>
<targetEntity>C7AE4B5E-9E3E-1435-3FCB-6CDEE1B50E57</targetEntity>
<transferable>true</transferable>
<deleteRule>NO ACTION</deleteRule>
</Relation>