<?xml version = '1.0' encoding = 'UTF-8'?>
<Relation class="oracle.dbtools.crest.model.design.logical.Relation" name="Relation_4" directorySegmentName="seg_0" id="85852A4A-3E53-1BE3-4B60-47BB28951BEF">
<createdBy>melis</createdBy>
<createdTime>2017-01-26 00:04:16 UTC</createdTime>
<ownerDesignName>sumativa1</ownerDesignName>
<engineerTo>
<item key="0DC31596-A465-FD1C-E074-5AB94F37075A" value="true"/>
</engineerTo>
<sourcePk>5540AE3B-4DF9-36AA-37CC-5F71C0A52394</sourcePk>
<targetPk>5CB0BBD8-C618-86AD-4D3A-CDEBC476DA0D</targetPk>
<identifying>false</identifying>
<optionalSource>true</optionalSource>
<optionalTarget>false</optionalTarget>
<sourceCardinality>1</sourceCardinality>
<sourceEntity>93AD66EE-24DB-CD4B-6047-BE71B7E24553</sourceEntity>
<targetCardinalityString>*</targetCardinalityString>
<targetEntity>58F8F57D-8BD0-B0E6-B379-E8D8671F6C63</targetEntity>
<transferable>true</transferable>
<deleteRule>NO ACTION</deleteRule>
</Relation>