<?xml version = '1.0' encoding = 'UTF-8'?>
<TableProxyOraclev10g class="oracle.dbtools.crest.model.design.storage.oracle.v10g.TableProxyOraclev10g" name="PROVEEDOR" directorySegmentName="seg_0" id="4F0E5097-7942-0406-597C-953DDDA926A7">
<createdBy>melis</createdBy>
<createdTime>2026-02-09 21:51:44 UTC</createdTime>
<ownerDesignName>sumativa2_MF</ownerDesignName>
<logging>YES</logging>
<partitionedRowMovement>DISABLE</partitionedRowMovement>
<temporaryChanged>false</temporaryChanged>
<accessDriverType>oracle_loader</accessDriverType>
<rejectLimit></rejectLimit>
<columnProxies itemClass="oracle.dbtools.crest.model.design.storage.oracle.v12c.ColumnProxyOraclev12c">
<ColumnProxy name="rut" id="13945546-3FB2-B80F-837C-AA0BB470E1DF">
<createdBy>melis</createdBy>
<createdTime>2026-02-09 21:51:44 UTC</createdTime>
<ownerDesignName>sumativa2_MF</ownerDesignName>
</ColumnProxy>
<ColumnProxy name="dv" id="50712BDF-E709-4384-F6E8-99159A7A9832">
<createdBy>melis</createdBy>
<createdTime>2026-02-09 21:51:44 UTC</createdTime>
<ownerDesignName>sumativa2_MF</ownerDesignName>
</ColumnProxy>
<ColumnProxy name="email" id="883A951B-710D-CABA-3CEB-6B1410508050">
<createdBy>melis</createdBy>
<createdTime>2026-02-09 21:51:44 UTC</createdTime>
<ownerDesignName>sumativa2_MF</ownerDesignName>
</ColumnProxy>
<ColumnProxy name="tipo_prov" id="D17674D0-513C-FA4E-5856-C074D4A775D8">
<createdBy>melis</createdBy>
<createdTime>2026-02-09 21:51:44 UTC</createdTime>
<ownerDesignName>sumativa2_MF</ownerDesignName>
</ColumnProxy>
<ColumnProxy name="fono" id="E74E0B17-3E00-35A1-35D1-955B7646CFED">
<createdBy>melis</createdBy>
<createdTime>2026-02-09 21:51:44 UTC</createdTime>
<ownerDesignName>sumativa2_MF</ownerDesignName>
</ColumnProxy>
</columnProxies>
<primaryKeys>
<PrimaryKey class="oracle.dbtools.crest.model.design.storage.oracle.v10g.PKProxyOraclev10g" name="PROVEEDOR_PK" id="16F6A4D4-0A5B-0913-7770-64C41CDCE070">
<createdBy>melis</createdBy>
<createdTime>2026-02-09 21:51:44 UTC</createdTime>
<ownerDesignName>sumativa2_MF</ownerDesignName>
<indexSort>SORTED</indexSort>
</PrimaryKey>
</primaryKeys>
</TableProxyOraclev10g>