<?xml version = '1.0' encoding = 'UTF-8'?>
<Relation class="oracle.dbtools.crest.model.design.logical.InheritanceRelation" name="Hierarchy_2" directorySegmentName="seg_0" id="2607FA57-5300-B88F-4D23-A5ED8530FF86">
<createdBy>melis</createdBy>
<createdTime>2017-01-25 23:13:50 UTC</createdTime>
<ownerDesignName>sumativa1</ownerDesignName>
<engineerTo>
<item key="0DC31596-A465-FD1C-E074-5AB94F37075A" value="true"/>
</engineerTo>
<identifying>false</identifying>
<nameOnSource>Super Type</nameOnSource>
<nameOnTarget>Sub Type</nameOnTarget>
<optionalSource>true</optionalSource>
<optionalTarget>true</optionalTarget>
<sourceEntity>8C9B0523-7ADB-CBA1-117A-849D91AC46A9</sourceEntity>
<targetEntity>72982F74-FC29-98F0-82FD-69CE02643C3C</targetEntity>
<transferable>true</transferable>
<deleteRule>NO ACTION</deleteRule>
</Relation>