<?xml version = '1.0' encoding = 'UTF-8'?>
<FKIndexAssociation class="oracle.dbtools.crest.model.design.relational.FKIndexAssociation" directorySegmentName="seg_0" id="197F82AA-4446-72D2-6BB4-CCAB5D405D63" containerWithKeyObject="2B994830-B9FD-C64A-E9FD-21B24A485274" localFKIndex="8790B8AE-7BC1-D6AE-048C-0FC7D9370B44" name="fk_suc_comuna">
<sourceDDLFile>sum2_modelamiento.sql</sourceDDLFile>
<createdBy>melis</createdBy>
<createdTime>2026-02-09 21:51:44 UTC</createdTime>
<ownerDesignName>sumativa2_MF</ownerDesignName>
<importedID>3E5000AC-3186-35AC-71BF-30697D7FDA4F</importedID>
<referredTableLongName>COMUNA</referredTableLongName>
<deleteRule>NO ACTION</deleteRule>
<referredTableID>AAAD491E-6AC4-6064-C204-33772B7A9E50</referredTableID>
<keyObject>B18342A6-BB05-330A-F5FC-074442884F46</keyObject>
<referredKeyID>B18342A6-BB05-330A-F5FC-074442884F46</referredKeyID>
<mandatory>true</mandatory>
<refColNames>id_comuna</refColNames>
<transferable>true</transferable>
<rely>false</rely>
<columnDependencyConstraintGenerateInDDL>true</columnDependencyConstraintGenerateInDDL>
</FKIndexAssociation>