<?xml version = '1.0' encoding = 'UTF-8'?>
<FKIndexAssociation class="oracle.dbtools.crest.model.design.relational.FKIndexAssociation" directorySegmentName="seg_0" id="1E227328-8C19-297B-A9E0-02076DE01F91" containerWithKeyObject="6A0B3986-1A58-6C49-8A70-39EC07C9F21F" localFKIndex="76F396EE-4FA0-5A3D-2EB0-A46F81DF9141" name="fk_prod_prov">
<sourceDDLFile>sum2_modelamiento.sql</sourceDDLFile>
<createdBy>melis</createdBy>
<createdTime>2026-02-09 21:51:44 UTC</createdTime>
<ownerDesignName>sumativa2_MF</ownerDesignName>
<importedID>DE150FEB-F5DD-47A8-8644-576CA9FC06E6</importedID>
<referredTableLongName>PROVEEDOR</referredTableLongName>
<deleteRule>NO ACTION</deleteRule>
<referredTableID>4F0E5097-7942-0406-597C-953DDDA926A7</referredTableID>
<keyObject>16F6A4D4-0A5B-0913-7770-64C41CDCE070</keyObject>
<referredKeyID>16F6A4D4-0A5B-0913-7770-64C41CDCE070</referredKeyID>
<mandatory>true</mandatory>
<refColNames>rut</refColNames>
<transferable>true</transferable>
<rely>false</rely>
<columnDependencyConstraintGenerateInDDL>true</columnDependencyConstraintGenerateInDDL>
</FKIndexAssociation>