<?xml version = '1.0' encoding = 'UTF-8'?>
<FKIndexAssociation class="oracle.dbtools.crest.model.design.relational.FKIndexAssociation" directorySegmentName="seg_0" id="2799BEA9-CA3E-9B43-18C0-D43CFEBD8E9B" containerWithKeyObject="50A07003-EB8D-000A-C7A0-F5D4A964C3EB" localFKIndex="944FC94B-DBC8-06D4-A4BF-584A61C4778E" name="fk_cli_comuna">
<sourceDDLFile>sum2_modelamiento.sql</sourceDDLFile>
<createdBy>melis</createdBy>
<createdTime>2026-02-09 21:51:44 UTC</createdTime>
<ownerDesignName>sumativa2_MF</ownerDesignName>
<importedID>2F96C66A-8712-B903-77B5-FCB991D9F493</importedID>
<referredTableLongName>COMUNA</referredTableLongName>
<deleteRule>NO ACTION</deleteRule>
<referredTableID>AAAD491E-6AC4-6064-C204-33772B7A9E50</referredTableID>
<keyObject>B18342A6-BB05-330A-F5FC-074442884F46</keyObject>
<referredKeyID>B18342A6-BB05-330A-F5FC-074442884F46</referredKeyID>
<mandatory>false</mandatory>
<refColNames>id_comuna</refColNames>
<transferable>true</transferable>
<rely>false</rely>
<columnDependencyConstraintGenerateInDDL>true</columnDependencyConstraintGenerateInDDL>
</FKIndexAssociation>