<?xml version = '1.0' encoding = 'UTF-8'?>
<FKIndexAssociation class="oracle.dbtools.crest.model.design.relational.FKIndexAssociation" directorySegmentName="seg_0" id="2E7840F1-BF47-4198-EAFE-CFE3B223480C" containerWithKeyObject="1F2710C5-25AF-191B-CB1E-21DAA78F1A51" localFKIndex="EC0030C8-A97B-1FB3-3B9D-43861AA50F95" name="fk_emp_prov">
<sourceDDLFile>sum2_modelamiento.sql</sourceDDLFile>
<createdBy>melis</createdBy>
<createdTime>2026-02-09 21:51:44 UTC</createdTime>
<ownerDesignName>sumativa2_MF</ownerDesignName>
<importedID>95D4AEBD-B03E-0D53-5712-0F57C3CF0A0F</importedID>
<referredTableLongName>PROVEEDOR</referredTableLongName>
<deleteRule>NO ACTION</deleteRule>
<referredTableID>4F0E5097-7942-0406-597C-953DDDA926A7</referredTableID>
<keyObject>16F6A4D4-0A5B-0913-7770-64C41CDCE070</keyObject>
<referredKeyID>16F6A4D4-0A5B-0913-7770-64C41CDCE070</referredKeyID>
<mandatory>true</mandatory>
<refColNames>rut</refColNames>
<transferable>true</transferable>
<rely>false</rely>
<columnDependencyConstraintGenerateInDDL>true</columnDependencyConstraintGenerateInDDL>
</FKIndexAssociation>