<?xml version = '1.0' encoding = 'UTF-8'?>
<FKIndexAssociation class="oracle.dbtools.crest.model.design.relational.FKIndexAssociation" directorySegmentName="seg_0" id="4A68F937-A612-EE76-36D1-815098FF3117" containerWithKeyObject="941C4219-939B-4B13-DC72-555B59010CF2" localFKIndex="CDC45B65-102C-D715-B3BC-DCC5C249B7C4" name="fk_det_bol">
<sourceDDLFile>sum2_modelamiento.sql</sourceDDLFile>
<createdBy>melis</createdBy>
<createdTime>2026-02-09 21:51:44 UTC</createdTime>
<ownerDesignName>sumativa2_MF</ownerDesignName>
<importedID>31D083CE-80B9-2BAA-C287-84CF95BEBC10</importedID>
<referredTableLongName>BOLETA</referredTableLongName>
<deleteRule>NO ACTION</deleteRule>
<referredTableID>EB168B9F-0AF5-F9E2-FB58-DDE94C47AB84</referredTableID>
<keyObject>EE17DE99-070F-E871-183E-211FB947A43E</keyObject>
<referredKeyID>EE17DE99-070F-E871-183E-211FB947A43E</referredKeyID>
<mandatory>true</mandatory>
<refColNames>num_boleta</refColNames>
<transferable>true</transferable>
<rely>false</rely>
<columnDependencyConstraintGenerateInDDL>true</columnDependencyConstraintGenerateInDDL>
</FKIndexAssociation>