<?xml version = '1.0' encoding = 'UTF-8'?>
<FKIndexAssociation class="oracle.dbtools.crest.model.design.relational.FKIndexAssociation" directorySegmentName="seg_0" id="8DDB2F8B-1B77-9513-DFBD-A5AB22A5AE59" containerWithKeyObject="F57574AD-B6F3-2A25-782E-9BCCBE07476F" localFKIndex="B02D3543-226E-4237-13CA-5551137F19BE" name="fk_per_prov">
<sourceDDLFile>sum2_modelamiento.sql</sourceDDLFile>
<createdBy>melis</createdBy>
<createdTime>2026-02-09 21:51:44 UTC</createdTime>
<ownerDesignName>sumativa2_MF</ownerDesignName>
<importedID>FE91C43E-6411-3357-FC4E-553490366DCB</importedID>
<referredTableLongName>PROVEEDOR</referredTableLongName>
<deleteRule>NO ACTION</deleteRule>
<referredTableID>4F0E5097-7942-0406-597C-953DDDA926A7</referredTableID>
<keyObject>16F6A4D4-0A5B-0913-7770-64C41CDCE070</keyObject>
<referredKeyID>16F6A4D4-0A5B-0913-7770-64C41CDCE070</referredKeyID>
<mandatory>true</mandatory>
<refColNames>rut</refColNames>
<transferable>true</transferable>
<rely>false</rely>
<columnDependencyConstraintGenerateInDDL>true</columnDependencyConstraintGenerateInDDL>
</FKIndexAssociation>