<?xml version = '1.0' encoding = 'UTF-8'?>
<FKIndexAssociation class="oracle.dbtools.crest.model.design.relational.FKIndexAssociation" directorySegmentName="seg_0" id="A4C2D278-956B-E5DF-0978-DAD348F2B115" containerWithKeyObject="6A0B3986-1A58-6C49-8A70-39EC07C9F21F" localFKIndex="037AE225-6E82-B15A-27A1-530418AAB1D4" name="fk_prod_mod">
<sourceDDLFile>sum2_modelamiento.sql</sourceDDLFile>
<createdBy>melis</createdBy>
<createdTime>2026-02-09 21:51:44 UTC</createdTime>
<ownerDesignName>sumativa2_MF</ownerDesignName>
<importedID>4371617E-129E-6A4B-B1AA-376321483E79</importedID>
<referredTableLongName>MODELO</referredTableLongName>
<deleteRule>NO ACTION</deleteRule>
<referredTableID>740C787F-70A0-D8E7-50C9-6841001F39F9</referredTableID>
<keyObject>3AD0A0BE-3CCF-D5DB-BAED-0E00DBBEE2DC</keyObject>
<referredKeyID>3AD0A0BE-3CCF-D5DB-BAED-0E00DBBEE2DC</referredKeyID>
<mandatory>true</mandatory>
<refColNames>id_modelo</refColNames>
<transferable>true</transferable>
<rely>false</rely>
<columnDependencyConstraintGenerateInDDL>true</columnDependencyConstraintGenerateInDDL>
</FKIndexAssociation>