<?xml version = '1.0' encoding = 'UTF-8'?>
<FKIndexAssociation class="oracle.dbtools.crest.model.design.relational.FKIndexAssociation" directorySegmentName="seg_0" id="AAFD079B-084A-DE1B-5C63-187AF4EEEDE1" containerWithKeyObject="941C4219-939B-4B13-DC72-555B59010CF2" localFKIndex="D5374370-8D3A-65C4-3B2C-D6818EC84179" name="fk_det_prod">
<sourceDDLFile>sum2_modelamiento.sql</sourceDDLFile>
<createdBy>melis</createdBy>
<createdTime>2026-02-09 21:51:44 UTC</createdTime>
<ownerDesignName>sumativa2_MF</ownerDesignName>
<importedID>311D3138-4881-4078-2093-397C65EC882E</importedID>
<referredTableLongName>PRODUCTO</referredTableLongName>
<deleteRule>NO ACTION</deleteRule>
<referredTableID>6A0B3986-1A58-6C49-8A70-39EC07C9F21F</referredTableID>
<keyObject>896B150D-0C62-AFF4-F155-2CF12F7589A6</keyObject>
<referredKeyID>896B150D-0C62-AFF4-F155-2CF12F7589A6</referredKeyID>
<mandatory>true</mandatory>
<refColNames>id_producto</refColNames>
<transferable>true</transferable>
<rely>false</rely>
<columnDependencyConstraintGenerateInDDL>true</columnDependencyConstraintGenerateInDDL>
</FKIndexAssociation>