<?xml version = '1.0' encoding = 'UTF-8'?>
<FKIndexAssociation class="oracle.dbtools.crest.model.design.relational.FKIndexAssociation" directorySegmentName="seg_0" id="E298AE77-5938-B513-57F5-235F2DBAAE46" containerWithKeyObject="740C787F-70A0-D8E7-50C9-6841001F39F9" localFKIndex="5BFC5577-A6DF-992D-F64A-608D5443F192" name="fk_mod_marca">
<sourceDDLFile>sum2_modelamiento.sql</sourceDDLFile>
<createdBy>melis</createdBy>
<createdTime>2026-02-09 21:51:44 UTC</createdTime>
<ownerDesignName>sumativa2_MF</ownerDesignName>
<importedID>D40364B8-309A-5CBB-1299-EA919EE303FF</importedID>
<referredTableLongName>MARCA</referredTableLongName>
<deleteRule>NO ACTION</deleteRule>
<referredTableID>B9CF3AF9-B9C3-765C-999E-938BFA900454</referredTableID>
<keyObject>5DDA0ACA-9FAE-C513-634A-ED894918B0B1</keyObject>
<referredKeyID>5DDA0ACA-9FAE-C513-634A-ED894918B0B1</referredKeyID>
<mandatory>true</mandatory>
<refColNames>id_marca</refColNames>
<transferable>true</transferable>
<rely>false</rely>
<columnDependencyConstraintGenerateInDDL>true</columnDependencyConstraintGenerateInDDL>
</FKIndexAssociation>