<?xml version = '1.0' encoding = 'UTF-8'?>
<FKIndexAssociation class="oracle.dbtools.crest.model.design.relational.FKIndexAssociation" directorySegmentName="seg_0" id="E894EF08-E2B6-ED11-A4F6-5E4D207081B6" containerWithKeyObject="6A0B3986-1A58-6C49-8A70-39EC07C9F21F" localFKIndex="8E92E0D7-6C81-FA85-CDFE-D6A480E5E68C" name="fk_prod_suc">
<sourceDDLFile>sum2_modelamiento.sql</sourceDDLFile>
<createdBy>melis</createdBy>
<createdTime>2026-02-09 21:51:44 UTC</createdTime>
<ownerDesignName>sumativa2_MF</ownerDesignName>
<importedID>A7058B2A-9DC2-3BB5-F439-A0C797A475E0</importedID>
<referredTableLongName>SUCURSAL</referredTableLongName>
<deleteRule>NO ACTION</deleteRule>
<referredTableID>2B994830-B9FD-C64A-E9FD-21B24A485274</referredTableID>
<keyObject>A9C3BDAC-29F8-3549-B748-E8F5FEC3AF9D</keyObject>
<referredKeyID>A9C3BDAC-29F8-3549-B748-E8F5FEC3AF9D</referredKeyID>
<mandatory>true</mandatory>
<refColNames>sigla</refColNames>
<transferable>true</transferable>
<rely>false</rely>
<columnDependencyConstraintGenerateInDDL>true</columnDependencyConstraintGenerateInDDL>
</FKIndexAssociation>