<?xml version = '1.0' encoding = 'UTF-8'?>
<FKIndexAssociation class="oracle.dbtools.crest.model.design.relational.FKIndexAssociation" directorySegmentName="seg_0" id="F3236076-CEB2-B687-70E5-E7359EC7B72C" containerWithKeyObject="EB168B9F-0AF5-F9E2-FB58-DDE94C47AB84" localFKIndex="0AD4AA0E-2283-4553-3792-C5863B90B05C" name="fk_bol_cli">
<sourceDDLFile>sum2_modelamiento.sql</sourceDDLFile>
<createdBy>melis</createdBy>
<createdTime>2026-02-09 21:51:44 UTC</createdTime>
<ownerDesignName>sumativa2_MF</ownerDesignName>
<importedID>3BA90641-BAE6-54F0-51E6-2CDB4F690AD7</importedID>
<referredTableLongName>CLIENTE</referredTableLongName>
<deleteRule>NO ACTION</deleteRule>
<referredTableID>50A07003-EB8D-000A-C7A0-F5D4A964C3EB</referredTableID>
<keyObject>D8DE9C16-3C9C-14EB-32F3-08801D448D30</keyObject>
<referredKeyID>D8DE9C16-3C9C-14EB-32F3-08801D448D30</referredKeyID>
<mandatory>true</mandatory>
<refColNames>id_cliente</refColNames>
<transferable>true</transferable>
<rely>false</rely>
<columnDependencyConstraintGenerateInDDL>true</columnDependencyConstraintGenerateInDDL>
</FKIndexAssociation>