<?xml version = '1.0' encoding = 'UTF-8'?>
<Diagram class="oracle.dbtools.crest.swingui.relational.DPVRelational" name="Relational_1" id="24C0AF09-EA08-B220-C5DE-504C8D834975">
<createdBy>melis</createdBy>
<modifiedBy>melis</modifiedBy>
<createdTime>2017-01-25 22:24:43 UTC</createdTime>
<autoRoute>false</autoRoute>
<boxInbox>true</boxInbox>
<showLegend>false</showLegend>
<showLabels>false</showLabels>
<showRelAttributes>false</showRelAttributes>
<gridEnabled>false</gridEnabled>
<showGrid>false</showGrid>
<diagramColor>-1</diagramColor>
<display>false</display>
<notation>1</notation>
<objectViews>
<OView class="oracle.dbtools.crest.swingui.relational.TVTable" oid="264B6BED-0BE8-A947-A0F4-98C4F4FF4DD3" otype="Table" vid="0E35297E-C8DC-5A9B-CECF-E80DCD8272C0">
<hideElementsInCurrentOnly>false</hideElementsInCurrentOnly>
<bounds x="43" y="13" width="206" height="131"/>
</OView>
<OView class="oracle.dbtools.crest.swingui.relational.TVTable" oid="3772E621-9F22-C3BA-668E-E076A3F228BB" otype="Table" vid="0B53DBF0-9876-F382-08C2-C2A8A5BAB70C">
<hideElementsInCurrentOnly>false</hideElementsInCurrentOnly>
<bounds x="871" y="254" width="196" height="113"/>
</OView>
<OView class="oracle.dbtools.crest.swingui.relational.TVTable" oid="378B62F2-515C-BE0E-3274-609595323BE1" otype="Table" vid="F3FC5FCA-640E-D493-938A-3F7CBAD4F21A">
<hideElementsInCurrentOnly>false</hideElementsInCurrentOnly>
<bounds x="48" y="566" width="257" height="127"/>
</OView>
<OView class="oracle.dbtools.crest.swingui.relational.TVTable" oid="5A77B568-DCD4-7B17-002E-AA3E151B0755" otype="Table" vid="839A237F-7CA2-DB39-D836-98C4E74B661A">
<hideElementsInCurrentOnly>false</hideElementsInCurrentOnly>
<bounds x="64" y="297" width="400" height="220"/>
</OView>
<OView class="oracle.dbtools.crest.swingui.relational.TVTable" oid="A63204E3-0F92-6E7C-828B-2B854E14F314" otype="Table" vid="9592C65B-8439-20A9-9E07-1D609E538FFC">
<hideElementsInCurrentOnly>false</hideElementsInCurrentOnly>
<bounds x="634" y="390" width="186" height="91"/>
</OView>
<OView class="oracle.dbtools.crest.swingui.relational.TVTable" oid="B266EFAB-417A-8556-595E-DE29565617E5" otype="Table" vid="4FFDFCD4-DC98-4860-AED3-79259F6AAE08">
<hideElementsInCurrentOnly>false</hideElementsInCurrentOnly>
<bounds x="56" y="171" width="379" height="121"/>
</OView>
<OView class="oracle.dbtools.crest.swingui.relational.TVTable" oid="C04761D4-F668-7C10-6C0E-EFFC079687C1" otype="Table" vid="9B77E949-1745-A6D4-84B8-25149AD67BB2">
<hideElementsInCurrentOnly>false</hideElementsInCurrentOnly>
<bounds x="867" y="43" width="242" height="147"/>
</OView>
<OView class="oracle.dbtools.crest.swingui.relational.TVTable" oid="C4EDD68E-DD2B-39B3-46E0-465F72DE1BE1" otype="Table" vid="6AA59062-129E-1F12-CFED-CA122CE329EE">
<hideElementsInCurrentOnly>false</hideElementsInCurrentOnly>
<bounds x="487" y="15" width="297" height="163"/>
</OView>
<OView class="oracle.dbtools.crest.swingui.relational.TVTable" oid="E2A7914D-6A19-5CF9-608D-3FBE0BBE137B" otype="Table" vid="0551AFB4-813D-A620-5577-2F1589385A80">
<hideElementsInCurrentOnly>false</hideElementsInCurrentOnly>
<bounds x="543" y="260" width="238" height="110"/>
</OView>
<OView class="oracle.dbtools.crest.swingui.relational.TVTable" oid="F237A870-3A71-ED1C-BFCF-FE0F1756C9F6" otype="Table" vid="30246516-C910-A5FC-B1F5-3119DA6EFA82">
<hideElementsInCurrentOnly>false</hideElementsInCurrentOnly>
<bounds x="308" y="565" width="270" height="125"/>
</OView>
<OView class="oracle.dbtools.crest.swingui.relational.TVTable" oid="FCB864F7-D3D7-53A5-D851-4EF1D367C8B4" otype="Table" vid="1D70EBE4-18B7-7B3F-F023-1F12A7A870ED">
<hideElementsInCurrentOnly>false</hideElementsInCurrentOnly>
<bounds x="1091" y="255" width="217" height="115"/>
</OView>
</objectViews>
<connectors>
<Connector class="oracle.dbtools.crest.swingui.relational.TVFKRelation" oid="289AFE26-C90B-A2F6-A890-049D458FE3BF" otype="FKIndexAssociation" vid_source="839A237F-7CA2-DB39-D836-98C4E74B661A" vid_target="F3FC5FCA-640E-D493-938A-3F7CBAD4F21A">
<hideElementsInCurrentOnly>false</hideElementsInCurrentOnly>
<backgroundColor>-16777216</backgroundColor>
<lineWidth>1</lineWidth>
<points>
<point x="184" y="517"/>
<point x="184" y="566"/>
</points>
</Connector>
<Connector class="oracle.dbtools.crest.swingui.relational.TVFKRelation" oid="2B6B2B81-639D-6F91-9D32-2F441F67173A" otype="FKIndexAssociation" vid_source="9592C65B-8439-20A9-9E07-1D609E538FFC" vid_target="839A237F-7CA2-DB39-D836-98C4E74B661A">
<hideElementsInCurrentOnly>false</hideElementsInCurrentOnly>
<backgroundColor>-16777216</backgroundColor>
<lineWidth>1</lineWidth>
<points>
<point x="634" y="450"/>
<point x="464" y="450"/>
</points>
</Connector>
<Connector class="oracle.dbtools.crest.swingui.relational.TVFKRelation" oid="2CFF3263-E11C-80EC-8FC7-2317989E3541" otype="FKIndexAssociation" vid_source="0551AFB4-813D-A620-5577-2F1589385A80" vid_target="6AA59062-129E-1F12-CFED-CA122CE329EE">
<hideElementsInCurrentOnly>false</hideElementsInCurrentOnly>
<backgroundColor>-16777216</backgroundColor>
<lineWidth>1</lineWidth>
<points>
<point x="662" y="260"/>
<point x="662" y="178"/>
</points>
</Connector>
<Connector class="oracle.dbtools.crest.swingui.relational.TVFKRelation" oid="3A87F1F6-0D70-C8A7-255F-922F35FD4E66" otype="FKIndexAssociation" vid_source="9B77E949-1745-A6D4-84B8-25149AD67BB2" vid_target="1D70EBE4-18B7-7B3F-F023-1F12A7A870ED">
<hideElementsInCurrentOnly>false</hideElementsInCurrentOnly>
<backgroundColor>-16777216</backgroundColor>
<lineWidth>1</lineWidth>
<points>
<point x="1100" y="190"/>
<point x="1100" y="255"/>
</points>
</Connector>
<Connector class="oracle.dbtools.crest.swingui.relational.TVFKRelation" oid="674EE221-AB28-6CA2-C718-9A903D4CE9DD" otype="FKIndexAssociation" vid_source="9B77E949-1745-A6D4-84B8-25149AD67BB2" vid_target="6AA59062-129E-1F12-CFED-CA122CE329EE">
<hideElementsInCurrentOnly>false</hideElementsInCurrentOnly>
<backgroundColor>-16777216</backgroundColor>
<lineWidth>1</lineWidth>
<points>
<point x="867" y="110"/>
<point x="784" y="110"/>
</points>
</Connector>
<Connector class="oracle.dbtools.crest.swingui.relational.TVFKRelation" oid="6EAFD791-7A94-B38F-F9D0-1AC5D6153161" otype="FKIndexAssociation" vid_source="6AA59062-129E-1F12-CFED-CA122CE329EE" vid_target="4FFDFCD4-DC98-4860-AED3-79259F6AAE08">
<hideElementsInCurrentOnly>false</hideElementsInCurrentOnly>
<backgroundColor>-16777216</backgroundColor>
<lineWidth>1</lineWidth>
<points>
<point x="487" y="174"/>
<point x="435" y="174"/>
</points>
</Connector>
<Connector class="oracle.dbtools.crest.swingui.relational.TVFKRelation" oid="7C7B81DF-83FA-B6AF-F558-BE9228BD627A" otype="FKIndexAssociation" vid_source="0551AFB4-813D-A620-5577-2F1589385A80" vid_target="839A237F-7CA2-DB39-D836-98C4E74B661A">
<hideElementsInCurrentOnly>false</hideElementsInCurrentOnly>
<backgroundColor>-16777216</backgroundColor>
<lineWidth>1</lineWidth>
<points>
<point x="543" y="333"/>
<point x="464" y="333"/>
</points>
</Connector>
<Connector class="oracle.dbtools.crest.swingui.relational.TVFKRelation" oid="908BBF84-3B07-43F0-D368-55AF3244ACD0" otype="FKIndexAssociation" vid_source="839A237F-7CA2-DB39-D836-98C4E74B661A" vid_target="30246516-C910-A5FC-B1F5-3119DA6EFA82">
<hideElementsInCurrentOnly>false</hideElementsInCurrentOnly>
<backgroundColor>-16777216</backgroundColor>
<lineWidth>1</lineWidth>
<points>
<point x="386" y="517"/>
<point x="386" y="565"/>
</points>
</Connector>
<Connector class="oracle.dbtools.crest.swingui.relational.TVFKRelation" oid="BB0B8DF1-2AC7-E1BF-097D-58DA2A0997FB" otype="FKIndexAssociation" vid_source="9B77E949-1745-A6D4-84B8-25149AD67BB2" vid_target="0B53DBF0-9876-F382-08C2-C2A8A5BAB70C">
<hideElementsInCurrentOnly>false</hideElementsInCurrentOnly>
<backgroundColor>-16777216</backgroundColor>
<lineWidth>1</lineWidth>
<points>
<point x="969" y="190"/>
<point x="969" y="254"/>
</points>
</Connector>
<Connector class="oracle.dbtools.crest.swingui.relational.TVFKRelation" oid="E3913599-DC2B-7DB9-4162-F6E91F400DB7" otype="FKIndexAssociation" vid_source="0E35297E-C8DC-5A9B-CECF-E80DCD8272C0" vid_target="4FFDFCD4-DC98-4860-AED3-79259F6AAE08">
<hideElementsInCurrentOnly>false</hideElementsInCurrentOnly>
<backgroundColor>-16777216</backgroundColor>
<lineWidth>1</lineWidth>
<points>
<point x="152" y="144"/>
<point x="152" y="171"/>
</points>
</Connector>
</connectors>
<arcs>
<Arc class="oracle.dbtools.crest.swingui.relational.TVFKArc" oid="C101CCE0-204A-1429-BF2F-2DA80A55143A" otype="FKArc" vid="0A943D24-5E94-24DB-85BB-D15288EE2DFA">
<hideElementsInCurrentOnly>false</hideElementsInCurrentOnly>
<bounds x="847" y="23" width="282" height="187"/>
</Arc>
<Arc class="oracle.dbtools.crest.swingui.relational.TVFKArc" oid="D54469A3-E66B-7C35-266B-7BAB4B1FAB5D" otype="FKArc" vid="2B69A2B9-560D-738C-4C0B-EE5A4965A8BF">
<hideElementsInCurrentOnly>false</hideElementsInCurrentOnly>
<bounds x="44" y="277" width="440" height="260"/>
</Arc>
</arcs>
<displays>
<Display class="oracle.dbtools.crest.swingui.relational.DPVRelational" name="Display_1" id="73F4CE3A-3948-ACF0-4FD2-662CAEA6C635">
<createdBy>melis</createdBy>
<modifiedBy>melis</modifiedBy>
<createdTime>2017-01-26 00:18:11 UTC</createdTime>
<autoRoute>false</autoRoute>
<boxInbox>true</boxInbox>
<showLegend>false</showLegend>
<showLabels>false</showLabels>
<showRelAttributes>false</showRelAttributes>
<gridEnabled>false</gridEnabled>
<showGrid>false</showGrid>
<diagramColor>-1</diagramColor>
<display>true</display>
<notation>1</notation>
<objectViews>
<OView class="oracle.dbtools.crest.swingui.relational.TVTable" oid="264B6BED-0BE8-A947-A0F4-98C4F4FF4DD3" otype="Table" vid="B1958D53-7867-0931-FCAA-5D2FD41C621E">
<hideElementsInCurrentOnly>false</hideElementsInCurrentOnly>
<bounds x="80" y="110" width="170" height="110"/>
</OView>
<OView class="oracle.dbtools.crest.swingui.relational.TVTable" oid="3772E621-9F22-C3BA-668E-E076A3F228BB" otype="Table" vid="FA5FF075-3DEB-F400-5038-6D01AA049049">
<hideElementsInCurrentOnly>false</hideElementsInCurrentOnly>
<bounds x="110" y="170" width="170" height="110"/>
</OView>
<OView class="oracle.dbtools.crest.swingui.relational.TVTable" oid="378B62F2-515C-BE0E-3274-609595323BE1" otype="Table" vid="34B478B8-1A62-2094-9897-41AF07B89D85">
<hideElementsInCurrentOnly>false</hideElementsInCurrentOnly>
<bounds x="140" y="230" width="170" height="110"/>
</OView>
<OView class="oracle.dbtools.crest.swingui.relational.TVTable" oid="5A77B568-DCD4-7B17-002E-AA3E151B0755" otype="Table" vid="10D5EB60-43DD-89EA-C345-422CC0256948">
<hideElementsInCurrentOnly>false</hideElementsInCurrentOnly>
<bounds x="130" y="210" width="170" height="110"/>
</OView>
<OView class="oracle.dbtools.crest.swingui.relational.TVTable" oid="A63204E3-0F92-6E7C-828B-2B854E14F314" otype="Table" vid="B90FCEBA-A2A4-B50A-C10F-5488A13E8CFD">
<hideElementsInCurrentOnly>false</hideElementsInCurrentOnly>
<bounds x="60" y="70" width="170" height="110"/>
</OView>
<OView class="oracle.dbtools.crest.swingui.relational.TVTable" oid="B266EFAB-417A-8556-595E-DE29565617E5" otype="Table" vid="D7F776E3-8CCB-2D08-084E-22D635FFD424">
<hideElementsInCurrentOnly>false</hideElementsInCurrentOnly>
<bounds x="70" y="90" width="170" height="110"/>
</OView>
<OView class="oracle.dbtools.crest.swingui.relational.TVTable" oid="C04761D4-F668-7C10-6C0E-EFFC079687C1" otype="Table" vid="D1A0074B-5C7F-5C88-5DA8-B534EC54D458">
<hideElementsInCurrentOnly>false</hideElementsInCurrentOnly>
<bounds x="100" y="150" width="170" height="110"/>
</OView>
<OView class="oracle.dbtools.crest.swingui.relational.TVTable" oid="C4EDD68E-DD2B-39B3-46E0-465F72DE1BE1" otype="Table" vid="66E77DD2-AE2E-21B9-5B61-1B9883F00B16">
<hideElementsInCurrentOnly>false</hideElementsInCurrentOnly>
<bounds x="50" y="50" width="170" height="110"/>
</OView>
<OView class="oracle.dbtools.crest.swingui.relational.TVTable" oid="E2A7914D-6A19-5CF9-608D-3FBE0BBE137B" otype="Table" vid="345DCF58-9121-B7CB-9DAD-D9840CFC4B7F">
<hideElementsInCurrentOnly>false</hideElementsInCurrentOnly>
<bounds x="90" y="130" width="170" height="110"/>
</OView>
<OView class="oracle.dbtools.crest.swingui.relational.TVTable" oid="F237A870-3A71-ED1C-BFCF-FE0F1756C9F6" otype="Table" vid="6A75A024-205E-9E12-8C57-91732648108A">
<hideElementsInCurrentOnly>false</hideElementsInCurrentOnly>
<bounds x="150" y="55" width="170" height="110"/>
</OView>
<OView class="oracle.dbtools.crest.swingui.relational.TVTable" oid="FCB864F7-D3D7-53A5-D851-4EF1D367C8B4" otype="Table" vid="E99FD2E9-7C14-3A3A-BE5A-8F4175901D09">
<hideElementsInCurrentOnly>false</hideElementsInCurrentOnly>
<bounds x="120" y="190" width="170" height="110"/>
</OView>
</objectViews>
<connectors>
<Connector class="oracle.dbtools.crest.swingui.relational.TVFKRelation" oid="289AFE26-C90B-A2F6-A890-049D458FE3BF" otype="FKIndexAssociation" vid_source="10D5EB60-43DD-89EA-C345-422CC0256948" vid_target="34B478B8-1A62-2094-9897-41AF07B89D85">
<hideElementsInCurrentOnly>false</hideElementsInCurrentOnly>
<backgroundColor>-16777216</backgroundColor>
<lineWidth>1</lineWidth>
<points>
<point x="300" y="275"/>
<point x="140" y="275"/>
</points>
</Connector>
<Connector class="oracle.dbtools.crest.swingui.relational.TVFKRelation" oid="2B6B2B81-639D-6F91-9D32-2F441F67173A" otype="FKIndexAssociation" vid_source="B90FCEBA-A2A4-B50A-C10F-5488A13E8CFD" vid_target="10D5EB60-43DD-89EA-C345-422CC0256948">
<hideElementsInCurrentOnly>false</hideElementsInCurrentOnly>
<backgroundColor>-16777216</backgroundColor>
<lineWidth>1</lineWidth>
<points>
<point x="180" y="180"/>
<point x="180" y="210"/>
</points>
</Connector>
<Connector class="oracle.dbtools.crest.swingui.relational.TVFKRelation" oid="2CFF3263-E11C-80EC-8FC7-2317989E3541" otype="FKIndexAssociation" vid_source="345DCF58-9121-B7CB-9DAD-D9840CFC4B7F" vid_target="66E77DD2-AE2E-21B9-5B61-1B9883F00B16">
<hideElementsInCurrentOnly>false</hideElementsInCurrentOnly>
<backgroundColor>-16777216</backgroundColor>
<lineWidth>1</lineWidth>
<points>
<point x="90" y="145"/>
<point x="220" y="145"/>
</points>
</Connector>
<Connector class="oracle.dbtools.crest.swingui.relational.TVFKRelation" oid="3A87F1F6-0D70-C8A7-255F-922F35FD4E66" otype="FKIndexAssociation" vid_source="D1A0074B-5C7F-5C88-5DA8-B534EC54D458" vid_target="E99FD2E9-7C14-3A3A-BE5A-8F4175901D09">
<hideElementsInCurrentOnly>false</hideElementsInCurrentOnly>
<backgroundColor>-16777216</backgroundColor>
<lineWidth>1</lineWidth>
<points>
<point x="270" y="225"/>
<point x="120" y="225"/>
</points>
</Connector>
<Connector class="oracle.dbtools.crest.swingui.relational.TVFKRelation" oid="674EE221-AB28-6CA2-C718-9A903D4CE9DD" otype="FKIndexAssociation" vid_source="D1A0074B-5C7F-5C88-5DA8-B534EC54D458" vid_target="66E77DD2-AE2E-21B9-5B61-1B9883F00B16">
<hideElementsInCurrentOnly>false</hideElementsInCurrentOnly>
<backgroundColor>-16777216</backgroundColor>
<lineWidth>1</lineWidth>
<points>
<point x="100" y="155"/>
<point x="220" y="155"/>
</points>
</Connector>
<Connector class="oracle.dbtools.crest.swingui.relational.TVFKRelation" oid="6EAFD791-7A94-B38F-F9D0-1AC5D6153161" otype="FKIndexAssociation" vid_source="66E77DD2-AE2E-21B9-5B61-1B9883F00B16" vid_target="D7F776E3-8CCB-2D08-084E-22D635FFD424">
<hideElementsInCurrentOnly>false</hideElementsInCurrentOnly>
<backgroundColor>-16777216</backgroundColor>
<lineWidth>1</lineWidth>
<points>
<point x="220" y="125"/>
<point x="70" y="125"/>
</points>
</Connector>
<Connector class="oracle.dbtools.crest.swingui.relational.TVFKRelation" oid="7C7B81DF-83FA-B6AF-F558-BE9228BD627A" otype="FKIndexAssociation" vid_source="345DCF58-9121-B7CB-9DAD-D9840CFC4B7F" vid_target="10D5EB60-43DD-89EA-C345-422CC0256948">
<hideElementsInCurrentOnly>false</hideElementsInCurrentOnly>
<backgroundColor>-16777216</backgroundColor>
<lineWidth>1</lineWidth>
<points>
<point x="260" y="225"/>
<point x="130" y="225"/>
</points>
</Connector>
<Connector class="oracle.dbtools.crest.swingui.relational.TVFKRelation" oid="908BBF84-3B07-43F0-D368-55AF3244ACD0" otype="FKIndexAssociation" vid_source="10D5EB60-43DD-89EA-C345-422CC0256948" vid_target="6A75A024-205E-9E12-8C57-91732648108A">
<hideElementsInCurrentOnly>false</hideElementsInCurrentOnly>
<backgroundColor>-16777216</backgroundColor>
<lineWidth>1</lineWidth>
<points>
<point x="225" y="210"/>
<point x="225" y="165"/>
</points>
</Connector>
<Connector class="oracle.dbtools.crest.swingui.relational.TVFKRelation" oid="BB0B8DF1-2AC7-E1BF-097D-58DA2A0997FB" otype="FKIndexAssociation" vid_source="D1A0074B-5C7F-5C88-5DA8-B534EC54D458" vid_target="FA5FF075-3DEB-F400-5038-6D01AA049049">
<hideElementsInCurrentOnly>false</hideElementsInCurrentOnly>
<backgroundColor>-16777216</backgroundColor>
<lineWidth>1</lineWidth>
<points>
<point x="270" y="215"/>
<point x="110" y="215"/>
</points>
</Connector>
<Connector class="oracle.dbtools.crest.swingui.relational.TVFKRelation" oid="E3913599-DC2B-7DB9-4162-F6E91F400DB7" otype="FKIndexAssociation" vid_source="B1958D53-7867-0931-FCAA-5D2FD41C621E" vid_target="D7F776E3-8CCB-2D08-084E-22D635FFD424">
<hideElementsInCurrentOnly>false</hideElementsInCurrentOnly>
<backgroundColor>-16777216</backgroundColor>
<lineWidth>1</lineWidth>
<points>
<point x="80" y="155"/>
<point x="240" y="155"/>
</points>
</Connector>
</connectors>
<arcs>
<Arc class="oracle.dbtools.crest.swingui.relational.TVFKArc" oid="C101CCE0-204A-1429-BF2F-2DA80A55143A" otype="FKArc" vid="21F53FD5-E752-2887-90E1-130FE9175AD5">
<hideElementsInCurrentOnly>false</hideElementsInCurrentOnly>
<bounds x="0" y="0" width="320" height="360"/>
</Arc>
<Arc class="oracle.dbtools.crest.swingui.relational.TVFKArc" oid="D54469A3-E66B-7C35-266B-7BAB4B1FAB5D" otype="FKArc" vid="B08DCC4F-A1D3-725A-6D2C-2EC9C5FB2036">
<hideElementsInCurrentOnly>false</hideElementsInCurrentOnly>
<bounds x="0" y="0" width="320" height="360"/>
</Arc>
</arcs>
</Display>
</displays>
</Diagram>