<?xml version = '1.0' encoding = 'UTF-8'?>
<Table class="oracle.dbtools.crest.model.design.relational.Table" directorySegmentName="seg_0" id="1F2710C5-25AF-191B-CB1E-21DAA78F1A51" name="PROV_EMPRESA">
<sourceDDLFile>sum2_modelamiento.sql</sourceDDLFile>
<createdBy>melis</createdBy>
<createdTime>2026-02-09 21:51:44 UTC</createdTime>
<ownerDesignName>sumativa2_MF</ownerDesignName>
<importedID>014F5F42-697F-F9C1-4D94-ED709B15D5D1</importedID>
<allowColumnReorder>false</allowColumnReorder>
<existDependencyGenerateInDDl>true</existDependencyGenerateInDDl>
<parsed>true</parsed>
<columns itemClass="oracle.dbtools.crest.model.design.relational.Column">
<Column name="rut" id="7800E9D4-0542-3334-9862-5307723200B1">
<sourceDDLFile>sum2_modelamiento.sql</sourceDDLFile>
<createdBy>melis</createdBy>
<createdTime>2026-02-09 21:51:44 UTC</createdTime>
<ownerDesignName>sumativa2_MF</ownerDesignName>
<importedID>DF4CA54F-A61C-2DC4-FE1C-6F2E44DB30F6</importedID>
<use>0</use>
<logicalDatatype>LOGDT019</logicalDatatype>
<domain>F817390D-078B-6BB1-25EE-39E1BA6B077F</domain>
<ownDataTypeParameters>,,</ownDataTypeParameters>
<autoIncrementCycle>false</autoIncrementCycle>
<associations>
<colAssociation fkAssociation="2E7840F1-BF47-4198-EAFE-CFE3B223480C" referredColumn="13945546-3FB2-B80F-837C-AA0BB470E1DF"/>
</associations>
</Column>
<Column name="pagina_web" id="B24B8CF1-3DE5-C9D6-72CE-4D244CC69574">
<sourceDDLFile>sum2_modelamiento.sql</sourceDDLFile>
<createdBy>melis</createdBy>
<createdTime>2026-02-09 21:51:44 UTC</createdTime>
<ownerDesignName>sumativa2_MF</ownerDesignName>
<importedID>8FC1718E-4D48-D511-8D95-A4901DF48968</importedID>
<nullsAllowed>true</nullsAllowed>
<use>0</use>
<logicalDatatype>LOGDT024</logicalDatatype>
<domain>7346823A-0F3B-4D59-F57A-23CBF18CA92F</domain>
<ownDataTypeParameters>,,</ownDataTypeParameters>
<autoIncrementCycle>false</autoIncrementCycle>
</Column>
</columns>
<indexes itemClass="oracle.dbtools.crest.model.design.relational.Index">
<ind_PK_UK id="086E96B0-4DC6-AA24-A3F8-9C6F9216EBA6" name="PROV_EMPRESA_PK">
<sourceDDLFile>sum2_modelamiento.sql</sourceDDLFile>
<createdBy>melis</createdBy>
<createdTime>2026-02-09 21:51:44 UTC</createdTime>
<ownerDesignName>sumativa2_MF</ownerDesignName>
<importedID>35796156-D948-62B3-9D12-BAA66B14FAFB</importedID>
<pk>true</pk>
<indexState>Primary Constraint</indexState>
<isSurrogateKey>false</isSurrogateKey>
<indexColumnUsage>
<colUsage columnID="7800E9D4-0542-3334-9862-5307723200B1"/>
</indexColumnUsage>
</ind_PK_UK>
<ind_PK_UK id="EC0030C8-A97B-1FB3-3B9D-43861AA50F95" name="fk_emp_prov">
<createdBy>melis</createdBy>
<createdTime>2026-02-09 21:51:44 UTC</createdTime>
<ownerDesignName>sumativa2_MF</ownerDesignName>
<indexState>Foreign Key</indexState>
<isSurrogateKey>false</isSurrogateKey>
<indexColumnUsage>
<colUsage columnID="7800E9D4-0542-3334-9862-5307723200B1"/>
</indexColumnUsage>
</ind_PK_UK>
</indexes>
</Table>