<?xml version = '1.0' encoding = 'UTF-8'?>
<Table class="oracle.dbtools.crest.model.design.relational.Table" directorySegmentName="seg_0" id="2B994830-B9FD-C64A-E9FD-21B24A485274" name="SUCURSAL">
<sourceDDLFile>sum2_modelamiento.sql</sourceDDLFile>
<createdBy>melis</createdBy>
<createdTime>2026-02-09 21:51:44 UTC</createdTime>
<ownerDesignName>sumativa2_MF</ownerDesignName>
<importedID>2B3004B3-AE57-36E2-F2B1-31B4F3199A27</importedID>
<allowColumnReorder>false</allowColumnReorder>
<existDependencyGenerateInDDl>true</existDependencyGenerateInDDl>
<parsed>true</parsed>
<columns itemClass="oracle.dbtools.crest.model.design.relational.Column">
<Column name="sigla" id="6527508F-E710-D357-9D42-F2C02CC8CC4E">
<sourceDDLFile>sum2_modelamiento.sql</sourceDDLFile>
<createdBy>melis</createdBy>
<createdTime>2026-02-09 21:51:44 UTC</createdTime>
<ownerDesignName>sumativa2_MF</ownerDesignName>
<importedID>5146061B-9709-A759-DDAA-56C0FCA36F9E</importedID>
<use>0</use>
<logicalDatatype>LOGDT024</logicalDatatype>
<domain>273CFF71-916D-444E-2428-980943FCD4DD</domain>
<ownDataTypeParameters>,,</ownDataTypeParameters>
<autoIncrementCycle>false</autoIncrementCycle>
</Column>
<Column name="nombre" id="29BB957F-9A67-51D0-94E1-60569322B48E">
<sourceDDLFile>sum2_modelamiento.sql</sourceDDLFile>
<createdBy>melis</createdBy>
<createdTime>2026-02-09 21:51:44 UTC</createdTime>
<ownerDesignName>sumativa2_MF</ownerDesignName>
<importedID>2A785242-C8D6-5ABA-9276-13B9E911A265</importedID>
<use>0</use>
<logicalDatatype>LOGDT024</logicalDatatype>
<domain>7346823A-0F3B-4D59-F57A-23CBF18CA92F</domain>
<ownDataTypeParameters>,,</ownDataTypeParameters>
<autoIncrementCycle>false</autoIncrementCycle>
</Column>
<Column name="id_comuna" id="642D29B3-9E7D-0D37-E394-4D3A0391F5B8">
<sourceDDLFile>sum2_modelamiento.sql</sourceDDLFile>
<createdBy>melis</createdBy>
<createdTime>2026-02-09 21:51:44 UTC</createdTime>
<ownerDesignName>sumativa2_MF</ownerDesignName>
<importedID>FDA73692-4460-0E93-5D43-46F5D202A289</importedID>
<use>0</use>
<logicalDatatype>LOGDT019</logicalDatatype>
<domain>F817390D-078B-6BB1-25EE-39E1BA6B077F</domain>
<ownDataTypeParameters>,,</ownDataTypeParameters>
<autoIncrementCycle>false</autoIncrementCycle>
<associations>
<colAssociation fkAssociation="197F82AA-4446-72D2-6BB4-CCAB5D405D63" referredColumn="C8375203-79FD-5465-316A-1BCB2278A3BD"/>
</associations>
</Column>
</columns>
<indexes itemClass="oracle.dbtools.crest.model.design.relational.Index">
<ind_PK_UK id="A9C3BDAC-29F8-3549-B748-E8F5FEC3AF9D" name="SUCURSAL_PK">
<sourceDDLFile>sum2_modelamiento.sql</sourceDDLFile>
<createdBy>melis</createdBy>
<createdTime>2026-02-09 21:51:44 UTC</createdTime>
<ownerDesignName>sumativa2_MF</ownerDesignName>
<importedID>7743EDBE-9072-B503-5605-8A17B90416E4</importedID>
<pk>true</pk>
<indexState>Primary Constraint</indexState>
<isSurrogateKey>false</isSurrogateKey>
<indexColumnUsage>
<colUsage columnID="6527508F-E710-D357-9D42-F2C02CC8CC4E"/>
</indexColumnUsage>
</ind_PK_UK>
<ind_PK_UK id="8790B8AE-7BC1-D6AE-048C-0FC7D9370B44" name="fk_suc_comuna">
<createdBy>melis</createdBy>
<createdTime>2026-02-09 21:51:44 UTC</createdTime>
<ownerDesignName>sumativa2_MF</ownerDesignName>
<indexState>Foreign Key</indexState>
<isSurrogateKey>false</isSurrogateKey>
<indexColumnUsage>
<colUsage columnID="642D29B3-9E7D-0D37-E394-4D3A0391F5B8"/>
</indexColumnUsage>
</ind_PK_UK>
</indexes>
</Table>