<?xml version = '1.0' encoding = 'UTF-8'?>
<Table class="oracle.dbtools.crest.model.design.relational.Table" directorySegmentName="seg_0" id="4F0E5097-7942-0406-597C-953DDDA926A7" name="PROVEEDOR">
<sourceDDLFile>sum2_modelamiento.sql</sourceDDLFile>
<createdBy>melis</createdBy>
<createdTime>2026-02-09 21:51:44 UTC</createdTime>
<ownerDesignName>sumativa2_MF</ownerDesignName>
<importedID>802F8614-7854-ABD8-4EC1-68EC412398F8</importedID>
<allowColumnReorder>false</allowColumnReorder>
<existDependencyGenerateInDDl>true</existDependencyGenerateInDDl>
<parsed>true</parsed>
<columns itemClass="oracle.dbtools.crest.model.design.relational.Column">
<Column name="rut" id="13945546-3FB2-B80F-837C-AA0BB470E1DF">
<sourceDDLFile>sum2_modelamiento.sql</sourceDDLFile>
<createdBy>melis</createdBy>
<createdTime>2026-02-09 21:51:44 UTC</createdTime>
<ownerDesignName>sumativa2_MF</ownerDesignName>
<importedID>3AA55AB6-2B20-297A-D9D3-1C5AF775435C</importedID>
<use>0</use>
<logicalDatatype>LOGDT019</logicalDatatype>
<domain>F817390D-078B-6BB1-25EE-39E1BA6B077F</domain>
<ownDataTypeParameters>,,</ownDataTypeParameters>
<autoIncrementCycle>false</autoIncrementCycle>
</Column>
<Column name="dv" id="50712BDF-E709-4384-F6E8-99159A7A9832">
<sourceDDLFile>sum2_modelamiento.sql</sourceDDLFile>
<createdBy>melis</createdBy>
<createdTime>2026-02-09 21:51:44 UTC</createdTime>
<ownerDesignName>sumativa2_MF</ownerDesignName>
<importedID>01C8B15B-9990-97C7-8AF2-726AEBCFE254</importedID>
<use>0</use>
<logicalDatatype>LOGDT025</logicalDatatype>
<domain>D017632B-AFDF-6BDC-F827-6656135FE13B</domain>
<ownDataTypeParameters>,,</ownDataTypeParameters>
<autoIncrementCycle>false</autoIncrementCycle>
</Column>
<Column name="tipo_prov" id="D17674D0-513C-FA4E-5856-C074D4A775D8">
<sourceDDLFile>sum2_modelamiento.sql</sourceDDLFile>
<createdBy>melis</createdBy>
<createdTime>2026-02-09 21:51:44 UTC</createdTime>
<ownerDesignName>sumativa2_MF</ownerDesignName>
<importedID>13BE5D13-A926-0D4D-5B63-9A81AE7E5A17</importedID>
<nullsAllowed>true</nullsAllowed>
<useDomainConstraints>false</useDomainConstraints>
<use>0</use>
<logicalDatatype>LOGDT025</logicalDatatype>
<domain>D017632B-AFDF-6BDC-F827-6656135FE13B</domain>
<listOfValues>
<valueDef value="E" description=""/>
<valueDef value="P" description=""/>
</listOfValues>
<ownDataTypeParameters>,,</ownDataTypeParameters>
<autoIncrementCycle>false</autoIncrementCycle>
</Column>
<Column name="fono" id="E74E0B17-3E00-35A1-35D1-955B7646CFED">
<sourceDDLFile>sum2_modelamiento.sql</sourceDDLFile>
<createdBy>melis</createdBy>
<createdTime>2026-02-09 21:51:44 UTC</createdTime>
<ownerDesignName>sumativa2_MF</ownerDesignName>
<importedID>452ECA21-89B8-6606-A80D-7A3842B6D912</importedID>
<nullsAllowed>true</nullsAllowed>
<use>0</use>
<logicalDatatype>LOGDT024</logicalDatatype>
<domain>A8BF4934-567E-5E35-F444-7B18B6995E2D</domain>
<ownDataTypeParameters>,,</ownDataTypeParameters>
<autoIncrementCycle>false</autoIncrementCycle>
</Column>
<Column name="email" id="883A951B-710D-CABA-3CEB-6B1410508050">
<sourceDDLFile>sum2_modelamiento.sql</sourceDDLFile>
<createdBy>melis</createdBy>
<createdTime>2026-02-09 21:51:44 UTC</createdTime>
<ownerDesignName>sumativa2_MF</ownerDesignName>
<importedID>40671EF0-4A13-75DB-71A3-46AAE7E29453</importedID>
<nullsAllowed>true</nullsAllowed>
<use>0</use>
<logicalDatatype>LOGDT024</logicalDatatype>
<domain>7346823A-0F3B-4D59-F57A-23CBF18CA92F</domain>
<ownDataTypeParameters>,,</ownDataTypeParameters>
<autoIncrementCycle>false</autoIncrementCycle>
</Column>
</columns>
<indexes itemClass="oracle.dbtools.crest.model.design.relational.Index">
<ind_PK_UK id="16F6A4D4-0A5B-0913-7770-64C41CDCE070" name="PROVEEDOR_PK">
<sourceDDLFile>sum2_modelamiento.sql</sourceDDLFile>
<createdBy>melis</createdBy>
<createdTime>2026-02-09 21:51:44 UTC</createdTime>
<ownerDesignName>sumativa2_MF</ownerDesignName>
<importedID>514EF3B9-7A6B-F4DC-3BFC-924CE3FE81AC</importedID>
<pk>true</pk>
<indexState>Primary Constraint</indexState>
<isSurrogateKey>false</isSurrogateKey>
<indexColumnUsage>
<colUsage columnID="13945546-3FB2-B80F-837C-AA0BB470E1DF"/>
</indexColumnUsage>
</ind_PK_UK>
</indexes>
</Table>