<?xml version = '1.0' encoding = 'UTF-8'?>
<Table class="oracle.dbtools.crest.model.design.relational.Table" directorySegmentName="seg_0" id="6A0B3986-1A58-6C49-8A70-39EC07C9F21F" name="PRODUCTO">
<sourceDDLFile>sum2_modelamiento.sql</sourceDDLFile>
<createdBy>melis</createdBy>
<createdTime>2026-02-09 21:51:44 UTC</createdTime>
<ownerDesignName>sumativa2_MF</ownerDesignName>
<importedID>18FC26B8-A771-AF05-ADFB-33F793A2A102</importedID>
<allowColumnReorder>false</allowColumnReorder>
<existDependencyGenerateInDDl>true</existDependencyGenerateInDDl>
<parsed>true</parsed>
<columns itemClass="oracle.dbtools.crest.model.design.relational.Column">
<Column name="id_producto" id="3F494290-9530-2AC3-2028-5D3E3B71FAF3">
<sourceDDLFile>sum2_modelamiento.sql</sourceDDLFile>
<createdBy>melis</createdBy>
<createdTime>2026-02-09 21:51:44 UTC</createdTime>
<ownerDesignName>sumativa2_MF</ownerDesignName>
<importedID>A5337FFA-AD4E-1FF8-82DE-10D8AA2850C4</importedID>
<use>0</use>
<logicalDatatype>LOGDT019</logicalDatatype>
<domain>F817390D-078B-6BB1-25EE-39E1BA6B077F</domain>
<ownDataTypeParameters>,,</ownDataTypeParameters>
<autoIncrementCycle>false</autoIncrementCycle>
</Column>
<Column name="nombre_producto" id="BACE7868-B525-53F7-3E38-965C6A8BDBB7">
<sourceDDLFile>sum2_modelamiento.sql</sourceDDLFile>
<createdBy>melis</createdBy>
<createdTime>2026-02-09 21:51:44 UTC</createdTime>
<ownerDesignName>sumativa2_MF</ownerDesignName>
<importedID>CDD96D96-F7AE-99D7-433E-DE3B4C329B73</importedID>
<use>0</use>
<logicalDatatype>LOGDT024</logicalDatatype>
<domain>7346823A-0F3B-4D59-F57A-23CBF18CA92F</domain>
<ownDataTypeParameters>,,</ownDataTypeParameters>
<autoIncrementCycle>false</autoIncrementCycle>
</Column>
<Column name="fecha_vencimiento" id="AEBFF511-5A0E-2614-33C9-E1CF3AB915A3">
<sourceDDLFile>sum2_modelamiento.sql</sourceDDLFile>
<createdBy>melis</createdBy>
<createdTime>2026-02-09 21:51:44 UTC</createdTime>
<ownerDesignName>sumativa2_MF</ownerDesignName>
<importedID>32B92EF9-6A55-D5F2-1C40-1A85AF35F704</importedID>
<nullsAllowed>true</nullsAllowed>
<use>0</use>
<logicalDatatype>LOGDT007</logicalDatatype>
<domain>D48BF16A-9CB4-9771-E85A-43200FA704FF</domain>
<ownDataTypeParameters>,,</ownDataTypeParameters>
<autoIncrementCycle>false</autoIncrementCycle>
</Column>
<Column name="monto_venta" id="8EF2FEB7-AA19-4DA5-0158-F4E303907126">
<sourceDDLFile>sum2_modelamiento.sql</sourceDDLFile>
<createdBy>melis</createdBy>
<createdTime>2026-02-09 21:51:44 UTC</createdTime>
<ownerDesignName>sumativa2_MF</ownerDesignName>
<importedID>758172E8-9B6B-6BA3-EA48-0EF6FA3D72A2</importedID>
<use>0</use>
<logicalDatatype>LOGDT019</logicalDatatype>
<domain>B4E61E50-F85F-E997-81D8-9BA73E443B9A</domain>
<ownDataTypeParameters>,,</ownDataTypeParameters>
<autoIncrementCycle>false</autoIncrementCycle>
</Column>
<Column name="id_modelo" id="97D0959F-F696-5DEC-3293-A148ECDAD4DA">
<sourceDDLFile>sum2_modelamiento.sql</sourceDDLFile>
<createdBy>melis</createdBy>
<createdTime>2026-02-09 21:51:44 UTC</createdTime>
<ownerDesignName>sumativa2_MF</ownerDesignName>
<importedID>E4DB034D-9024-F412-210C-9473CABAC52F</importedID>
<use>0</use>
<logicalDatatype>LOGDT019</logicalDatatype>
<domain>F817390D-078B-6BB1-25EE-39E1BA6B077F</domain>
<ownDataTypeParameters>,,</ownDataTypeParameters>
<autoIncrementCycle>false</autoIncrementCycle>
<associations>
<colAssociation fkAssociation="A4C2D278-956B-E5DF-0978-DAD348F2B115" referredColumn="5A826286-D46E-ED38-7622-B4E92861B51B"/>
</associations>
</Column>
<Column name="sigla_sucursal" id="B43795F5-6A55-718E-DA75-E1E665AC958B">
<sourceDDLFile>sum2_modelamiento.sql</sourceDDLFile>
<createdBy>melis</createdBy>
<createdTime>2026-02-09 21:51:44 UTC</createdTime>
<ownerDesignName>sumativa2_MF</ownerDesignName>
<importedID>BAFD664E-F74F-FC61-C8D2-B6D3D584A025</importedID>
<use>0</use>
<logicalDatatype>LOGDT024</logicalDatatype>
<domain>273CFF71-916D-444E-2428-980943FCD4DD</domain>
<ownDataTypeParameters>,,</ownDataTypeParameters>
<autoIncrementCycle>false</autoIncrementCycle>
<associations>
<colAssociation fkAssociation="E894EF08-E2B6-ED11-A4F6-5E4D207081B6" referredColumn="6527508F-E710-D357-9D42-F2C02CC8CC4E"/>
</associations>
</Column>
<Column name="rut_proveedor" id="2F90A90E-93C2-F322-4999-4105B3AA1CD0">
<sourceDDLFile>sum2_modelamiento.sql</sourceDDLFile>
<createdBy>melis</createdBy>
<createdTime>2026-02-09 21:51:44 UTC</createdTime>
<ownerDesignName>sumativa2_MF</ownerDesignName>
<importedID>B2A41570-5337-65F1-AD07-8EC623482B8C</importedID>
<use>0</use>
<logicalDatatype>LOGDT019</logicalDatatype>
<domain>F817390D-078B-6BB1-25EE-39E1BA6B077F</domain>
<ownDataTypeParameters>,,</ownDataTypeParameters>
<autoIncrementCycle>false</autoIncrementCycle>
<associations>
<colAssociation fkAssociation="1E227328-8C19-297B-A9E0-02076DE01F91" referredColumn="13945546-3FB2-B80F-837C-AA0BB470E1DF"/>
</associations>
</Column>
</columns>
<indexes itemClass="oracle.dbtools.crest.model.design.relational.Index">
<ind_PK_UK id="896B150D-0C62-AFF4-F155-2CF12F7589A6" name="PRODUCTO_PK">
<sourceDDLFile>sum2_modelamiento.sql</sourceDDLFile>
<createdBy>melis</createdBy>
<createdTime>2026-02-09 21:51:44 UTC</createdTime>
<ownerDesignName>sumativa2_MF</ownerDesignName>
<importedID>5B3BAD9F-9A86-E98B-69E4-39A6D550F5CA</importedID>
<pk>true</pk>
<indexState>Primary Constraint</indexState>
<isSurrogateKey>false</isSurrogateKey>
<indexColumnUsage>
<colUsage columnID="3F494290-9530-2AC3-2028-5D3E3B71FAF3"/>
</indexColumnUsage>
</ind_PK_UK>
<ind_PK_UK id="037AE225-6E82-B15A-27A1-530418AAB1D4" name="fk_prod_mod">
<createdBy>melis</createdBy>
<createdTime>2026-02-09 21:51:44 UTC</createdTime>
<ownerDesignName>sumativa2_MF</ownerDesignName>
<indexState>Foreign Key</indexState>
<isSurrogateKey>false</isSurrogateKey>
<indexColumnUsage>
<colUsage columnID="97D0959F-F696-5DEC-3293-A148ECDAD4DA"/>
</indexColumnUsage>
</ind_PK_UK>
<ind_PK_UK id="76F396EE-4FA0-5A3D-2EB0-A46F81DF9141" name="fk_prod_prov">
<createdBy>melis</createdBy>
<createdTime>2026-02-09 21:51:44 UTC</createdTime>
<ownerDesignName>sumativa2_MF</ownerDesignName>
<indexState>Foreign Key</indexState>
<isSurrogateKey>false</isSurrogateKey>
<indexColumnUsage>
<colUsage columnID="2F90A90E-93C2-F322-4999-4105B3AA1CD0"/>
</indexColumnUsage>
</ind_PK_UK>
<ind_PK_UK id="8E92E0D7-6C81-FA85-CDFE-D6A480E5E68C" name="fk_prod_suc">
<createdBy>melis</createdBy>
<createdTime>2026-02-09 21:51:44 UTC</createdTime>
<ownerDesignName>sumativa2_MF</ownerDesignName>
<indexState>Foreign Key</indexState>
<isSurrogateKey>false</isSurrogateKey>
<indexColumnUsage>
<colUsage columnID="B43795F5-6A55-718E-DA75-E1E665AC958B"/>
</indexColumnUsage>
</ind_PK_UK>
</indexes>
</Table>