<?xml version = '1.0' encoding = 'UTF-8'?>
<Table class="oracle.dbtools.crest.model.design.relational.Table" directorySegmentName="seg_0" id="941C4219-939B-4B13-DC72-555B59010CF2" name="DETALLE_BOLETA">
<sourceDDLFile>sum2_modelamiento.sql</sourceDDLFile>
<createdBy>melis</createdBy>
<createdTime>2026-02-09 21:51:44 UTC</createdTime>
<ownerDesignName>sumativa2_MF</ownerDesignName>
<importedID>2628873E-C8FA-B013-B991-64143ACC309A</importedID>
<allowColumnReorder>false</allowColumnReorder>
<existDependencyGenerateInDDl>true</existDependencyGenerateInDDl>
<parsed>true</parsed>
<columns itemClass="oracle.dbtools.crest.model.design.relational.Column">
<Column name="num_boleta" id="73048221-4492-D198-7293-982A8F7C7E84">
<sourceDDLFile>sum2_modelamiento.sql</sourceDDLFile>
<createdBy>melis</createdBy>
<createdTime>2026-02-09 21:51:44 UTC</createdTime>
<ownerDesignName>sumativa2_MF</ownerDesignName>
<importedID>68EAC4CD-17EC-C0C0-3D7F-D35E022C95E4</importedID>
<use>0</use>
<logicalDatatype>LOGDT019</logicalDatatype>
<domain>F817390D-078B-6BB1-25EE-39E1BA6B077F</domain>
<ownDataTypeParameters>,,</ownDataTypeParameters>
<autoIncrementCycle>false</autoIncrementCycle>
<associations>
<colAssociation fkAssociation="4A68F937-A612-EE76-36D1-815098FF3117" referredColumn="C251153D-E963-8552-4124-FFEB2355EF83"/>
</associations>
</Column>
<Column name="id_producto" id="9BE417C8-CF70-E34F-73AD-F3B6FFF69B03">
<sourceDDLFile>sum2_modelamiento.sql</sourceDDLFile>
<createdBy>melis</createdBy>
<createdTime>2026-02-09 21:51:44 UTC</createdTime>
<ownerDesignName>sumativa2_MF</ownerDesignName>
<importedID>450FBDC7-7289-8BE2-09B9-A9F870D98CC3</importedID>
<use>0</use>
<logicalDatatype>LOGDT019</logicalDatatype>
<domain>F817390D-078B-6BB1-25EE-39E1BA6B077F</domain>
<ownDataTypeParameters>,,</ownDataTypeParameters>
<autoIncrementCycle>false</autoIncrementCycle>
<associations>
<colAssociation fkAssociation="AAFD079B-084A-DE1B-5C63-187AF4EEEDE1" referredColumn="3F494290-9530-2AC3-2028-5D3E3B71FAF3"/>
</associations>
</Column>
<Column name="cantidad" id="512308EE-C0BF-9A86-68B9-1B81872AAA6F">
<sourceDDLFile>sum2_modelamiento.sql</sourceDDLFile>
<createdBy>melis</createdBy>
<createdTime>2026-02-09 21:51:44 UTC</createdTime>
<ownerDesignName>sumativa2_MF</ownerDesignName>
<importedID>93C29205-F65A-8C96-1681-E5AF1E309C27</importedID>
<use>0</use>
<logicalDatatype>LOGDT019</logicalDatatype>
<domain>F817390D-078B-6BB1-25EE-39E1BA6B077F</domain>
<ownDataTypeParameters>,,</ownDataTypeParameters>
<autoIncrementCycle>false</autoIncrementCycle>
</Column>
<Column name="precio_unitario" id="0DCE8CFB-86B3-35EC-AB60-0A3C82A56CE1">
<sourceDDLFile>sum2_modelamiento.sql</sourceDDLFile>
<createdBy>melis</createdBy>
<createdTime>2026-02-09 21:51:44 UTC</createdTime>
<ownerDesignName>sumativa2_MF</ownerDesignName>
<importedID>88EF6BB6-7193-1CEC-4FF0-0F4D72707DDD</importedID>
<use>0</use>
<logicalDatatype>LOGDT019</logicalDatatype>
<domain>B4E61E50-F85F-E997-81D8-9BA73E443B9A</domain>
<ownDataTypeParameters>,,</ownDataTypeParameters>
<autoIncrementCycle>false</autoIncrementCycle>
</Column>
</columns>
<indexes itemClass="oracle.dbtools.crest.model.design.relational.Index">
<ind_PK_UK id="CB9263C8-D458-5BFB-1649-60A546FFE61E" name="DETALLE_BOLETA_PK">
<sourceDDLFile>sum2_modelamiento.sql</sourceDDLFile>
<createdBy>melis</createdBy>
<createdTime>2026-02-09 21:51:44 UTC</createdTime>
<ownerDesignName>sumativa2_MF</ownerDesignName>
<importedID>83647CBC-0155-352F-353C-92E49F501188</importedID>
<pk>true</pk>
<indexState>Primary Constraint</indexState>
<isSurrogateKey>false</isSurrogateKey>
<indexColumnUsage>
<colUsage columnID="73048221-4492-D198-7293-982A8F7C7E84"/>
<colUsage columnID="9BE417C8-CF70-E34F-73AD-F3B6FFF69B03"/>
</indexColumnUsage>
</ind_PK_UK>
<ind_PK_UK id="CDC45B65-102C-D715-B3BC-DCC5C249B7C4" name="fk_det_bol">
<createdBy>melis</createdBy>
<createdTime>2026-02-09 21:51:44 UTC</createdTime>
<ownerDesignName>sumativa2_MF</ownerDesignName>
<indexState>Foreign Key</indexState>
<isSurrogateKey>false</isSurrogateKey>
<indexColumnUsage>
<colUsage columnID="73048221-4492-D198-7293-982A8F7C7E84"/>
</indexColumnUsage>
</ind_PK_UK>
<ind_PK_UK id="D5374370-8D3A-65C4-3B2C-D6818EC84179" name="fk_det_prod">
<createdBy>melis</createdBy>
<createdTime>2026-02-09 21:51:44 UTC</createdTime>
<ownerDesignName>sumativa2_MF</ownerDesignName>
<indexState>Foreign Key</indexState>
<isSurrogateKey>false</isSurrogateKey>
<indexColumnUsage>
<colUsage columnID="9BE417C8-CF70-E34F-73AD-F3B6FFF69B03"/>
</indexColumnUsage>
</ind_PK_UK>
</indexes>
</Table>