<?xml version = '1.0' encoding = 'UTF-8'?>
<Table class="oracle.dbtools.crest.model.design.relational.Table" directorySegmentName="seg_0" id="AAAD491E-6AC4-6064-C204-33772B7A9E50" name="COMUNA">
<sourceDDLFile>sum2_modelamiento.sql</sourceDDLFile>
<createdBy>melis</createdBy>
<createdTime>2026-02-09 21:51:44 UTC</createdTime>
<ownerDesignName>sumativa2_MF</ownerDesignName>
<importedID>0C477703-FF08-8D2D-82CE-71558C1E620D</importedID>
<allowColumnReorder>false</allowColumnReorder>
<existDependencyGenerateInDDl>true</existDependencyGenerateInDDl>
<parsed>true</parsed>
<columns itemClass="oracle.dbtools.crest.model.design.relational.Column">
<Column name="id_comuna" id="C8375203-79FD-5465-316A-1BCB2278A3BD">
<sourceDDLFile>sum2_modelamiento.sql</sourceDDLFile>
<createdBy>melis</createdBy>
<createdTime>2026-02-09 21:51:44 UTC</createdTime>
<ownerDesignName>sumativa2_MF</ownerDesignName>
<importedID>F37CB448-C8C2-F26B-D818-F6026EF780C0</importedID>
<use>0</use>
<logicalDatatype>LOGDT019</logicalDatatype>
<domain>F817390D-078B-6BB1-25EE-39E1BA6B077F</domain>
<ownDataTypeParameters>,,</ownDataTypeParameters>
<autoIncrementCycle>false</autoIncrementCycle>
</Column>
<Column name="nombre" id="56E420AD-66BD-C9C6-54D3-19E08FA42DA4">
<sourceDDLFile>sum2_modelamiento.sql</sourceDDLFile>
<createdBy>melis</createdBy>
<createdTime>2026-02-09 21:51:44 UTC</createdTime>
<ownerDesignName>sumativa2_MF</ownerDesignName>
<importedID>3D4EE855-43C6-A830-9D44-2FC97034E4F6</importedID>
<use>0</use>
<logicalDatatype>LOGDT024</logicalDatatype>
<domain>7346823A-0F3B-4D59-F57A-23CBF18CA92F</domain>
<ownDataTypeParameters>,,</ownDataTypeParameters>
<autoIncrementCycle>false</autoIncrementCycle>
</Column>
<Column name="cod_region" id="56C8960A-6604-BAFB-43DB-45407C240FBA">
<sourceDDLFile>sum2_modelamiento.sql</sourceDDLFile>
<createdBy>melis</createdBy>
<createdTime>2026-02-09 21:51:44 UTC</createdTime>
<ownerDesignName>sumativa2_MF</ownerDesignName>
<importedID>29367C6A-DA96-6DDB-D929-A22EC7BDC1C5</importedID>
<nullsAllowed>true</nullsAllowed>
<use>0</use>
<logicalDatatype>LOGDT019</logicalDatatype>
<domain>F817390D-078B-6BB1-25EE-39E1BA6B077F</domain>
<ownDataTypeParameters>,,</ownDataTypeParameters>
<autoIncrementCycle>false</autoIncrementCycle>
</Column>
</columns>
<indexes itemClass="oracle.dbtools.crest.model.design.relational.Index">
<ind_PK_UK id="B18342A6-BB05-330A-F5FC-074442884F46" name="COMUNA_PK">
<sourceDDLFile>sum2_modelamiento.sql</sourceDDLFile>
<createdBy>melis</createdBy>
<createdTime>2026-02-09 21:51:44 UTC</createdTime>
<ownerDesignName>sumativa2_MF</ownerDesignName>
<importedID>5B92CF45-CBF3-7814-1B20-1325A2F87738</importedID>
<pk>true</pk>
<indexState>Primary Constraint</indexState>
<isSurrogateKey>false</isSurrogateKey>
<indexColumnUsage>
<colUsage columnID="C8375203-79FD-5465-316A-1BCB2278A3BD"/>
</indexColumnUsage>
</ind_PK_UK>
</indexes>
</Table>