<?xml version = '1.0' encoding = 'UTF-8'?>
<Table class="oracle.dbtools.crest.model.design.relational.Table" directorySegmentName="seg_0" id="B9CF3AF9-B9C3-765C-999E-938BFA900454" name="MARCA">
<sourceDDLFile>sum2_modelamiento.sql</sourceDDLFile>
<createdBy>melis</createdBy>
<createdTime>2026-02-09 21:51:44 UTC</createdTime>
<ownerDesignName>sumativa2_MF</ownerDesignName>
<importedID>0962FAB3-6CEB-BF31-E1C9-1E8BBEFA73B5</importedID>
<allowColumnReorder>false</allowColumnReorder>
<existDependencyGenerateInDDl>true</existDependencyGenerateInDDl>
<parsed>true</parsed>
<columns itemClass="oracle.dbtools.crest.model.design.relational.Column">
<Column name="id_marca" id="36D5AEBC-426A-127E-3E6C-2CFC905858AE">
<sourceDDLFile>sum2_modelamiento.sql</sourceDDLFile>
<createdBy>melis</createdBy>
<createdTime>2026-02-09 21:51:44 UTC</createdTime>
<ownerDesignName>sumativa2_MF</ownerDesignName>
<importedID>650D4A27-843A-0382-944B-A99E2566720A</importedID>
<use>0</use>
<logicalDatatype>LOGDT019</logicalDatatype>
<domain>F817390D-078B-6BB1-25EE-39E1BA6B077F</domain>
<ownDataTypeParameters>,,</ownDataTypeParameters>
<autoIncrementCycle>false</autoIncrementCycle>
</Column>
<Column name="nombre_marca" id="99DFE053-220C-4F47-A84F-46E6D739463D">
<sourceDDLFile>sum2_modelamiento.sql</sourceDDLFile>
<createdBy>melis</createdBy>
<createdTime>2026-02-09 21:51:44 UTC</createdTime>
<ownerDesignName>sumativa2_MF</ownerDesignName>
<importedID>7946AD50-781D-7B37-A7E3-07CF26011EBB</importedID>
<use>0</use>
<logicalDatatype>LOGDT024</logicalDatatype>
<domain>7346823A-0F3B-4D59-F57A-23CBF18CA92F</domain>
<ownDataTypeParameters>,,</ownDataTypeParameters>
<autoIncrementCycle>false</autoIncrementCycle>
</Column>
</columns>
<indexes itemClass="oracle.dbtools.crest.model.design.relational.Index">
<ind_PK_UK id="5DDA0ACA-9FAE-C513-634A-ED894918B0B1" name="MARCA_PK">
<sourceDDLFile>sum2_modelamiento.sql</sourceDDLFile>
<createdBy>melis</createdBy>
<createdTime>2026-02-09 21:51:44 UTC</createdTime>
<ownerDesignName>sumativa2_MF</ownerDesignName>
<importedID>3B1E6674-8567-269C-B2FA-1E3F2D3DA884</importedID>
<pk>true</pk>
<indexState>Primary Constraint</indexState>
<isSurrogateKey>false</isSurrogateKey>
<indexColumnUsage>
<colUsage columnID="36D5AEBC-426A-127E-3E6C-2CFC905858AE"/>
</indexColumnUsage>
</ind_PK_UK>
</indexes>
</Table>