<?xml version = '1.0' encoding = 'UTF-8'?>
<Table class="oracle.dbtools.crest.model.design.relational.Table" directorySegmentName="seg_0" id="EB168B9F-0AF5-F9E2-FB58-DDE94C47AB84" name="BOLETA">
<sourceDDLFile>sum2_modelamiento.sql</sourceDDLFile>
<createdBy>melis</createdBy>
<createdTime>2026-02-09 21:51:44 UTC</createdTime>
<ownerDesignName>sumativa2_MF</ownerDesignName>
<importedID>C1A119D4-6708-21CA-1A6A-4F2A2817F9A0</importedID>
<allowColumnReorder>false</allowColumnReorder>
<existDependencyGenerateInDDl>true</existDependencyGenerateInDDl>
<parsed>true</parsed>
<columns itemClass="oracle.dbtools.crest.model.design.relational.Column">
<Column name="num_boleta" id="C251153D-E963-8552-4124-FFEB2355EF83">
<sourceDDLFile>sum2_modelamiento.sql</sourceDDLFile>
<createdBy>melis</createdBy>
<createdTime>2026-02-09 21:51:44 UTC</createdTime>
<ownerDesignName>sumativa2_MF</ownerDesignName>
<importedID>FB103153-0C14-4072-87C5-76CDB2808C94</importedID>
<use>0</use>
<logicalDatatype>LOGDT019</logicalDatatype>
<domain>F817390D-078B-6BB1-25EE-39E1BA6B077F</domain>
<ownDataTypeParameters>,,</ownDataTypeParameters>
<autoIncrementCycle>false</autoIncrementCycle>
</Column>
<Column name="fecha" id="F1E59379-EC51-4B3F-7FB2-093223B7661B">
<sourceDDLFile>sum2_modelamiento.sql</sourceDDLFile>
<createdBy>melis</createdBy>
<createdTime>2026-02-09 21:51:44 UTC</createdTime>
<ownerDesignName>sumativa2_MF</ownerDesignName>
<importedID>0CB34520-483D-7E0D-AD02-F61A1624F8BA</importedID>
<use>0</use>
<logicalDatatype>LOGDT007</logicalDatatype>
<domain>D48BF16A-9CB4-9771-E85A-43200FA704FF</domain>
<defaultValue>SYSDATE</defaultValue>
<ownDataTypeParameters>,,</ownDataTypeParameters>
<autoIncrementCycle>false</autoIncrementCycle>
</Column>
<Column name="monto_total" id="296631E9-27BC-607A-268B-C666A933C1FB">
<sourceDDLFile>sum2_modelamiento.sql</sourceDDLFile>
<createdBy>melis</createdBy>
<createdTime>2026-02-09 21:51:44 UTC</createdTime>
<ownerDesignName>sumativa2_MF</ownerDesignName>
<importedID>2F6EBFA7-7622-52BF-2763-5E0DDACAB1D8</importedID>
<use>0</use>
<logicalDatatype>LOGDT019</logicalDatatype>
<domain>B4E61E50-F85F-E997-81D8-9BA73E443B9A</domain>
<ownDataTypeParameters>,,</ownDataTypeParameters>
<autoIncrementCycle>false</autoIncrementCycle>
</Column>
<Column name="id_cliente" id="2C72C013-03CE-9404-D222-D037A39ADC68">
<sourceDDLFile>sum2_modelamiento.sql</sourceDDLFile>
<createdBy>melis</createdBy>
<createdTime>2026-02-09 21:51:44 UTC</createdTime>
<ownerDesignName>sumativa2_MF</ownerDesignName>
<importedID>6DDA7D28-8593-6ECF-1A20-8D65669AA6B8</importedID>
<use>0</use>
<logicalDatatype>LOGDT019</logicalDatatype>
<domain>F817390D-078B-6BB1-25EE-39E1BA6B077F</domain>
<ownDataTypeParameters>,,</ownDataTypeParameters>
<autoIncrementCycle>false</autoIncrementCycle>
<associations>
<colAssociation fkAssociation="F3236076-CEB2-B687-70E5-E7359EC7B72C" referredColumn="F7C65B5D-AFDA-3E58-872C-3826A43D2A72"/>
</associations>
</Column>
</columns>
<indexes itemClass="oracle.dbtools.crest.model.design.relational.Index">
<ind_PK_UK id="EE17DE99-070F-E871-183E-211FB947A43E" name="BOLETA_PK">
<sourceDDLFile>sum2_modelamiento.sql</sourceDDLFile>
<createdBy>melis</createdBy>
<createdTime>2026-02-09 21:51:44 UTC</createdTime>
<ownerDesignName>sumativa2_MF</ownerDesignName>
<importedID>4CA33901-CDE4-CB9A-C5BC-F2DA82B70BD1</importedID>
<pk>true</pk>
<indexState>Primary Constraint</indexState>
<isSurrogateKey>false</isSurrogateKey>
<indexColumnUsage>
<colUsage columnID="C251153D-E963-8552-4124-FFEB2355EF83"/>
</indexColumnUsage>
</ind_PK_UK>
<ind_PK_UK id="0AD4AA0E-2283-4553-3792-C5863B90B05C" name="fk_bol_cli">
<createdBy>melis</createdBy>
<createdTime>2026-02-09 21:51:44 UTC</createdTime>
<ownerDesignName>sumativa2_MF</ownerDesignName>
<indexState>Foreign Key</indexState>
<isSurrogateKey>false</isSurrogateKey>
<indexColumnUsage>
<colUsage columnID="2C72C013-03CE-9404-D222-D037A39ADC68"/>
</indexColumnUsage>
</ind_PK_UK>
</indexes>
</Table>