<?xml version = '1.0' encoding = 'UTF-8'?>
<Table class="oracle.dbtools.crest.model.design.relational.Table" directorySegmentName="seg_0" id="264B6BED-0BE8-A947-A0F4-98C4F4FF4DD3" name="PRODUCTOS">
<createdBy>melis</createdBy>
<createdTime>2017-01-26 00:27:14 UTC</createdTime>
<generatorID>FC039B0D-B9BF-3428-D989-B395495338C1</generatorID>
<ownerDesignName>sumativa1</ownerDesignName>
<allowColumnReorder>false</allowColumnReorder>
<existDependencyGenerateInDDl>true</existDependencyGenerateInDDl>
<parsed>true</parsed>
<columns itemClass="oracle.dbtools.crest.model.design.relational.Column">
<Column name="codigo_num" id="1C90F2EC-87BF-74A4-B732-CDE55DDF553B">
<createdBy>melis</createdBy>
<createdTime>2017-01-26 00:27:14 UTC</createdTime>
<generatorID>834D5772-2055-67A0-55A9-71C3ED8175A4</generatorID>
<ownerDesignName>sumativa1</ownerDesignName>
<useDomainConstraints>false</useDomainConstraints>
<use>1</use>
<logicalDatatype>LOGDT019</logicalDatatype>
<ownDataTypeParameters>,,</ownDataTypeParameters>
<autoIncrementCycle>false</autoIncrementCycle>
</Column>
<Column name="descripcion" id="FFBD5604-C78D-FE4B-2D40-8AD65C3029EF">
<createdBy>melis</createdBy>
<createdTime>2017-01-26 00:27:14 UTC</createdTime>
<generatorID>184D6C65-BE7A-26C3-4BFF-8D923C7CC32C</generatorID>
<ownerDesignName>sumativa1</ownerDesignName>
<useDomainConstraints>false</useDomainConstraints>
<use>1</use>
<logicalDatatype>LOGDT024</logicalDatatype>
<dataTypeSize>50</dataTypeSize>
<ownDataTypeParameters>50,,</ownDataTypeParameters>
<autoIncrementCycle>false</autoIncrementCycle>
</Column>
<Column name="valor" id="F5573267-982D-72AB-B0A5-B4D3E319DD2E">
<createdBy>melis</createdBy>
<createdTime>2017-01-26 00:27:14 UTC</createdTime>
<generatorID>F22B57D4-8DF4-CB08-D5BA-91A6A565055A</generatorID>
<ownerDesignName>sumativa1</ownerDesignName>
<useDomainConstraints>false</useDomainConstraints>
<use>1</use>
<logicalDatatype>LOGDT019</logicalDatatype>
<ownDataTypeParameters>,,</ownDataTypeParameters>
<autoIncrementCycle>false</autoIncrementCycle>
</Column>
<Column name="marca" id="D0509EF5-890F-F866-4295-798CD4420263">
<createdBy>melis</createdBy>
<createdTime>2017-01-26 00:27:14 UTC</createdTime>
<generatorID>36D3C37D-F0DB-3DAE-9735-5054173D05DA</generatorID>
<ownerDesignName>sumativa1</ownerDesignName>
<nullsAllowed>true</nullsAllowed>
<useDomainConstraints>false</useDomainConstraints>
<use>1</use>
<logicalDatatype>LOGDT024</logicalDatatype>
<dataTypeSize>50</dataTypeSize>
<ownDataTypeParameters>50,,</ownDataTypeParameters>
<autoIncrementCycle>false</autoIncrementCycle>
</Column>
<Column name="stock" id="589EF502-135F-1037-4CAF-BBEBCAEE843B">
<createdBy>melis</createdBy>
<createdTime>2017-01-26 00:27:14 UTC</createdTime>
<generatorID>D68A3963-CFFA-00C9-DD11-5332A4238FCE</generatorID>
<ownerDesignName>sumativa1</ownerDesignName>
<nullsAllowed>true</nullsAllowed>
<useDomainConstraints>false</useDomainConstraints>
<use>1</use>
<logicalDatatype>LOGDT019</logicalDatatype>
<ownDataTypeParameters>,,</ownDataTypeParameters>
<autoIncrementCycle>false</autoIncrementCycle>
</Column>
</columns>
<indexes itemClass="oracle.dbtools.crest.model.design.relational.Index">
<ind_PK_UK id="C295FB77-E9F5-119D-269A-E20BFFB56D7E" name="PRODUCTOS_PK">
<createdBy>melis</createdBy>
<createdTime>2017-01-26 00:27:14 UTC</createdTime>
<generatorID>44069B25-E13A-D697-9CA5-5476960696E5</generatorID>
<ownerDesignName>sumativa1</ownerDesignName>
<pk>true</pk>
<indexState>Primary Constraint</indexState>
<isSurrogateKey>false</isSurrogateKey>
<indexColumnUsage>
<colUsage columnID="1C90F2EC-87BF-74A4-B732-CDE55DDF553B"/>
</indexColumnUsage>
</ind_PK_UK>
</indexes>
</Table>