<?xml version = '1.0' encoding = 'UTF-8'?>
<Table class="oracle.dbtools.crest.model.design.relational.Table" directorySegmentName="seg_0" id="3772E621-9F22-C3BA-668E-E076A3F228BB" name="VIP">
<createdBy>melis</createdBy>
<createdTime>2017-01-26 00:27:14 UTC</createdTime>
<generatorID>72DA8849-74F6-6D14-F078-0E3DCD82879B</generatorID>
<ownerDesignName>sumativa1</ownerDesignName>
<allowColumnReorder>false</allowColumnReorder>
<existDependencyGenerateInDDl>true</existDependencyGenerateInDDl>
<parsed>true</parsed>
<columns itemClass="oracle.dbtools.crest.model.design.relational.Column">
<Column name="id_cliente" id="73E29293-7118-0143-C778-58755467DA10">
<createdBy>melis</createdBy>
<createdTime>2017-01-26 00:27:14 UTC</createdTime>
<generatorID>1E5C76C8-2535-1702-65C3-C75D33BAFD0D</generatorID>
<ownerDesignName>sumativa1</ownerDesignName>
<useDomainConstraints>false</useDomainConstraints>
<use>1</use>
<logicalDatatype>LOGDT037</logicalDatatype>
<dataTypeSize>10</dataTypeSize>
<ownDataTypeParameters>,,</ownDataTypeParameters>
<autoIncrementCycle>false</autoIncrementCycle>
<associations>
<colAssociation fkAssociation="BB0B8DF1-2AC7-E1BF-097D-58DA2A0997FB" referredColumn="B1B8338C-1B70-A5A5-3A7F-F2FF5F01227B"/>
</associations>
</Column>
<Column name="descuento" id="3A1AC38B-5525-F494-AFAC-52B7006BFFA4">
<createdBy>melis</createdBy>
<createdTime>2017-01-26 00:27:14 UTC</createdTime>
<generatorID>BB923230-4132-41F4-9A2F-7D5CD55BF5D8</generatorID>
<ownerDesignName>sumativa1</ownerDesignName>
<useDomainConstraints>false</useDomainConstraints>
<use>1</use>
<logicalDatatype>LOGDT019</logicalDatatype>
<ownDataTypeParameters>,,</ownDataTypeParameters>
<autoIncrementCycle>false</autoIncrementCycle>
</Column>
</columns>
<indexes itemClass="oracle.dbtools.crest.model.design.relational.Index">
<ind_PK_UK id="001C8406-D2A0-997C-E438-62A63B303709" name="VIP_PK">
<createdBy>melis</createdBy>
<createdTime>2017-01-26 00:27:14 UTC</createdTime>
<generatorID>E0E8D9BC-B12F-860A-C0F0-8BBF3EE76015</generatorID>
<ownerDesignName>sumativa1</ownerDesignName>
<pk>true</pk>
<indexState>Primary Constraint</indexState>
<isSurrogateKey>false</isSurrogateKey>
<indexColumnUsage>
<colUsage columnID="73E29293-7118-0143-C778-58755467DA10"/>
</indexColumnUsage>
</ind_PK_UK>
<ind_PK_UK id="D01DD1DB-23A4-2279-A52D-3B709D416B0D" name="VIP_CLIENTE_FK">
<createdBy>melis</createdBy>
<createdTime>2017-01-26 00:27:14 UTC</createdTime>
<generatorID>6C0C392A-8B97-F441-5B58-744CC1BC9171</generatorID>
<ownerDesignName>sumativa1</ownerDesignName>
<indexState>Foreign Key</indexState>
<isSurrogateKey>false</isSurrogateKey>
<indexColumnUsage>
<colUsage columnID="73E29293-7118-0143-C778-58755467DA10"/>
</indexColumnUsage>
</ind_PK_UK>
</indexes>
</Table>