<?xml version = '1.0' encoding = 'UTF-8'?>
<Table class="oracle.dbtools.crest.model.design.relational.Table" directorySegmentName="seg_0" id="378B62F2-515C-BE0E-3274-609595323BE1" name="PASANTE">
<createdBy>melis</createdBy>
<createdTime>2017-01-26 00:27:14 UTC</createdTime>
<generatorID>2CF7A23E-72FE-C5B1-1051-7BE289E730BA</generatorID>
<ownerDesignName>sumativa1</ownerDesignName>
<allowColumnReorder>false</allowColumnReorder>
<existDependencyGenerateInDDl>true</existDependencyGenerateInDDl>
<parsed>true</parsed>
<columns itemClass="oracle.dbtools.crest.model.design.relational.Column">
<Column name="rut" id="64800AC1-8A05-2450-5ABD-81A276A740C0">
<createdBy>melis</createdBy>
<createdTime>2017-01-26 00:27:14 UTC</createdTime>
<generatorID>037A281D-5976-96BC-C9B6-14D87882C786</generatorID>
<ownerDesignName>sumativa1</ownerDesignName>
<useDomainConstraints>false</useDomainConstraints>
<use>1</use>
<logicalDatatype>LOGDT037</logicalDatatype>
<dataTypeSize>10</dataTypeSize>
<ownDataTypeParameters>,,</ownDataTypeParameters>
<autoIncrementCycle>false</autoIncrementCycle>
<associations>
<colAssociation fkAssociation="289AFE26-C90B-A2F6-A890-049D458FE3BF" referredColumn="5483F315-C7ED-23D1-3868-1A878FFED32D"/>
</associations>
</Column>
<Column name="cargo" id="A192FB44-ECDC-A7F7-2B73-F0930E2B61FE">
<createdBy>melis</createdBy>
<createdTime>2017-01-26 00:27:14 UTC</createdTime>
<generatorID>744268C8-6653-D043-4DC2-3D6E9D0AE980</generatorID>
<ownerDesignName>sumativa1</ownerDesignName>
<nullsAllowed>true</nullsAllowed>
<useDomainConstraints>false</useDomainConstraints>
<use>1</use>
<logicalDatatype>LOGDT019</logicalDatatype>
<ownDataTypeParameters>,,</ownDataTypeParameters>
<autoIncrementCycle>false</autoIncrementCycle>
</Column>
<Column name="institucion_educacional" id="83515928-2DFA-A04F-5D13-CCCED00C688E">
<createdBy>melis</createdBy>
<createdTime>2017-01-26 00:27:14 UTC</createdTime>
<generatorID>E69F7613-86AE-AC17-0698-292EA30E2AD1</generatorID>
<ownerDesignName>sumativa1</ownerDesignName>
<useDomainConstraints>false</useDomainConstraints>
<use>1</use>
<logicalDatatype>LOGDT024</logicalDatatype>
<dataTypeSize>50</dataTypeSize>
<ownDataTypeParameters>50,,</ownDataTypeParameters>
<autoIncrementCycle>false</autoIncrementCycle>
</Column>
<Column name="compensacion" id="1C506089-CB01-5D7D-738E-C82EAE3811B5">
<createdBy>melis</createdBy>
<createdTime>2017-01-26 00:27:14 UTC</createdTime>
<generatorID>92332920-38A4-4409-5FBE-E554B10FFFEC</generatorID>
<ownerDesignName>sumativa1</ownerDesignName>
<useDomainConstraints>false</useDomainConstraints>
<use>1</use>
<logicalDatatype>LOGDT019</logicalDatatype>
<ownDataTypeParameters>,,</ownDataTypeParameters>
<autoIncrementCycle>false</autoIncrementCycle>
</Column>
</columns>
<indexes itemClass="oracle.dbtools.crest.model.design.relational.Index">
<ind_PK_UK id="97336921-3924-45BD-E9F9-23FB2FCC7501" name="PASANTE_PK">
<createdBy>melis</createdBy>
<createdTime>2017-01-26 00:27:14 UTC</createdTime>
<generatorID>5CB0BBD8-C618-86AD-4D3A-CDEBC476DA0D</generatorID>
<ownerDesignName>sumativa1</ownerDesignName>
<pk>true</pk>
<indexState>Primary Constraint</indexState>
<isSurrogateKey>false</isSurrogateKey>
<indexColumnUsage>
<colUsage columnID="64800AC1-8A05-2450-5ABD-81A276A740C0"/>
</indexColumnUsage>
</ind_PK_UK>
<ind_PK_UK id="944AFA6F-61F1-C040-3C77-607525819994" name="PASANTE_CONTRATO_FK">
<createdBy>melis</createdBy>
<createdTime>2017-01-26 00:27:14 UTC</createdTime>
<generatorID>DA3A337B-7FC9-183E-B704-A3C7220583E7</generatorID>
<ownerDesignName>sumativa1</ownerDesignName>
<indexState>Foreign Key</indexState>
<isSurrogateKey>false</isSurrogateKey>
<indexColumnUsage>
<colUsage columnID="64800AC1-8A05-2450-5ABD-81A276A740C0"/>
</indexColumnUsage>
</ind_PK_UK>
</indexes>
</Table>