<?xml version = '1.0' encoding = 'UTF-8'?>
<Table class="oracle.dbtools.crest.model.design.relational.Table" directorySegmentName="seg_0" id="5A77B568-DCD4-7B17-002E-AA3E151B0755" name="CONTRATO">
<createdBy>melis</createdBy>
<createdTime>2017-01-26 00:27:14 UTC</createdTime>
<generatorID>58F8F57D-8BD0-B0E6-B379-E8D8671F6C63</generatorID>
<ownerDesignName>sumativa1</ownerDesignName>
<allowColumnReorder>false</allowColumnReorder>
<existDependencyGenerateInDDl>true</existDependencyGenerateInDDl>
<parsed>true</parsed>
<columns itemClass="oracle.dbtools.crest.model.design.relational.Column">
<Column name="rut" id="5483F315-C7ED-23D1-3868-1A878FFED32D">
<createdBy>melis</createdBy>
<createdTime>2017-01-26 00:27:14 UTC</createdTime>
<generatorID>037A281D-5976-96BC-C9B6-14D87882C786</generatorID>
<ownerDesignName>sumativa1</ownerDesignName>
<useDomainConstraints>false</useDomainConstraints>
<use>1</use>
<logicalDatatype>LOGDT037</logicalDatatype>
<dataTypeSize>10</dataTypeSize>
<ownDataTypeParameters>10,,</ownDataTypeParameters>
<autoIncrementCycle>false</autoIncrementCycle>
</Column>
<Column name="fecha_contrato" id="EE720E17-FF0A-6CE3-C54F-CE69AD3EB515">
<createdBy>melis</createdBy>
<createdTime>2017-01-26 00:27:14 UTC</createdTime>
<generatorID>0CF84ECB-593E-6641-963F-5E642F15D03F</generatorID>
<ownerDesignName>sumativa1</ownerDesignName>
<useDomainConstraints>false</useDomainConstraints>
<use>1</use>
<logicalDatatype>LOGDT007</logicalDatatype>
<ownDataTypeParameters>,,</ownDataTypeParameters>
<autoIncrementCycle>false</autoIncrementCycle>
</Column>
<Column name="fecha_nac" id="E50C0689-BECA-0D7D-F080-B8C0AA30B722">
<createdBy>melis</createdBy>
<createdTime>2017-01-26 00:27:14 UTC</createdTime>
<generatorID>505A5D36-5214-A6E4-73B4-A87041C8107A</generatorID>
<ownerDesignName>sumativa1</ownerDesignName>
<useDomainConstraints>false</useDomainConstraints>
<use>1</use>
<logicalDatatype>LOGDT007</logicalDatatype>
<ownDataTypeParameters>,,</ownDataTypeParameters>
<autoIncrementCycle>false</autoIncrementCycle>
</Column>
<Column name="nombre" id="10C76568-F76B-49B8-A8D0-114C3A47FC04">
<createdBy>melis</createdBy>
<createdTime>2017-01-26 00:27:14 UTC</createdTime>
<generatorID>A2BA8A20-33FA-0F00-006B-FE6764BBF869</generatorID>
<ownerDesignName>sumativa1</ownerDesignName>
<useDomainConstraints>false</useDomainConstraints>
<use>1</use>
<logicalDatatype>LOGDT024</logicalDatatype>
<dataTypeSize>20</dataTypeSize>
<ownDataTypeParameters>20,,</ownDataTypeParameters>
<autoIncrementCycle>false</autoIncrementCycle>
</Column>
<Column name="num_contrato" id="36CD6677-E2C2-B276-9CBA-E6F4959FCE8A">
<createdBy>melis</createdBy>
<createdTime>2017-01-26 00:27:14 UTC</createdTime>
<generatorID>94FEDFD5-4D5C-0726-B749-C605E2430A42</generatorID>
<ownerDesignName>sumativa1</ownerDesignName>
<useDomainConstraints>false</useDomainConstraints>
<use>1</use>
<logicalDatatype>LOGDT019</logicalDatatype>
<ownDataTypeParameters>,,</ownDataTypeParameters>
<autoIncrementCycle>false</autoIncrementCycle>
</Column>
<Column name="sucursal" id="2EC48732-6AF3-7A8D-76A5-D0723BBA4CB8">
<createdBy>melis</createdBy>
<createdTime>2017-01-26 00:27:14 UTC</createdTime>
<generatorID>A49027EA-E5F4-F67D-0304-6871E6812581</generatorID>
<ownerDesignName>sumativa1</ownerDesignName>
<useDomainConstraints>false</useDomainConstraints>
<use>1</use>
<logicalDatatype>LOGDT019</logicalDatatype>
<ownDataTypeParameters>,,</ownDataTypeParameters>
<autoIncrementCycle>false</autoIncrementCycle>
</Column>
<Column name="direccion" id="EA63A842-25D3-EB2F-D6F9-1F7257E0D562">
<createdBy>melis</createdBy>
<createdTime>2017-01-26 00:27:14 UTC</createdTime>
<generatorID>1EFD49F8-2F75-F480-317B-D017742CCB03</generatorID>
<ownerDesignName>sumativa1</ownerDesignName>
<useDomainConstraints>false</useDomainConstraints>
<use>1</use>
<logicalDatatype>LOGDT024</logicalDatatype>
<dataTypeSize>50</dataTypeSize>
<ownDataTypeParameters>50,,</ownDataTypeParameters>
<autoIncrementCycle>false</autoIncrementCycle>
</Column>
<Column name="genero" id="F24FBAAB-7D3B-D1C2-E1AF-C2F4E7833B00">
<createdBy>melis</createdBy>
<createdTime>2017-01-26 00:27:14 UTC</createdTime>
<generatorID>6D71E711-3817-5CAC-9CDA-40CA833FB1CD</generatorID>
<ownerDesignName>sumativa1</ownerDesignName>
<nullsAllowed>true</nullsAllowed>
<useDomainConstraints>false</useDomainConstraints>
<use>1</use>
<logicalDatatype>LOGDT024</logicalDatatype>
<dataTypeSize>1</dataTypeSize>
<ownDataTypeParameters>1,,</ownDataTypeParameters>
<autoIncrementCycle>false</autoIncrementCycle>
</Column>
<Column name="CARGOS_codigo_num" id="732A9F54-A77D-B182-DC75-5B6A44D060FB">
<createdBy>melis</createdBy>
<createdTime>2017-01-26 00:27:14 UTC</createdTime>
<generatorID>85202F62-EDDA-65CE-C759-6D650EC82C3B</generatorID>
<ownerDesignName>sumativa1</ownerDesignName>
<useDomainConstraints>false</useDomainConstraints>
<use>1</use>
<logicalDatatype>LOGDT019</logicalDatatype>
<ownDataTypeParameters>,,</ownDataTypeParameters>
<previousColumn>false</previousColumn>
<autoIncrementCycle>false</autoIncrementCycle>
<associations>
<colAssociation fkAssociation="2B6B2B81-639D-6F91-9D32-2F441F67173A" referredColumn="B79CC8C0-2CDC-860C-BEEE-F36CE06F8E61"/>
</associations>
</Column>
<Column name="SUCURSAL_num_sucursal" id="D421D51C-E39F-CDFF-0DD8-69FCAE149C1F">
<createdBy>melis</createdBy>
<createdTime>2017-01-26 00:27:14 UTC</createdTime>
<generatorID>FFDF6403-C439-BBD6-136D-F71DAFCF158B</generatorID>
<ownerDesignName>sumativa1</ownerDesignName>
<useDomainConstraints>false</useDomainConstraints>
<use>1</use>
<logicalDatatype>LOGDT019</logicalDatatype>
<ownDataTypeParameters>,,</ownDataTypeParameters>
<previousColumn>false</previousColumn>
<autoIncrementCycle>false</autoIncrementCycle>
<associations>
<colAssociation fkAssociation="7C7B81DF-83FA-B6AF-F558-BE9228BD627A" referredColumn="AADEEE3C-4DE2-3AB9-73A7-380911AEF3AB"/>
</associations>
</Column>
</columns>
<indexes itemClass="oracle.dbtools.crest.model.design.relational.Index">
<ind_PK_UK id="29F5846D-29FF-6383-323A-AB464CA06489" name="CONTRATO_PK">
<createdBy>melis</createdBy>
<createdTime>2017-01-26 00:27:14 UTC</createdTime>
<generatorID>5CB0BBD8-C618-86AD-4D3A-CDEBC476DA0D</generatorID>
<ownerDesignName>sumativa1</ownerDesignName>
<pk>true</pk>
<indexState>Primary Constraint</indexState>
<isSurrogateKey>false</isSurrogateKey>
<indexColumnUsage>
<colUsage columnID="5483F315-C7ED-23D1-3868-1A878FFED32D"/>
</indexColumnUsage>
</ind_PK_UK>
<ind_PK_UK id="8BB5E1F3-24EA-2C8B-1B07-2A2EFE547E6E" name="CONTRATO_CARGOS_FK">
<createdBy>melis</createdBy>
<createdTime>2017-01-26 00:27:14 UTC</createdTime>
<generatorID>85852A4A-3E53-1BE3-4B60-47BB28951BEF</generatorID>
<ownerDesignName>sumativa1</ownerDesignName>
<indexState>Foreign Key</indexState>
<isSurrogateKey>false</isSurrogateKey>
<indexColumnUsage>
<colUsage columnID="732A9F54-A77D-B182-DC75-5B6A44D060FB"/>
</indexColumnUsage>
</ind_PK_UK>
<ind_PK_UK id="C4811CD6-FBB8-DF63-F48D-BA14E70DD1B8" name="CONTRATO_SUCURSAL_FK">
<createdBy>melis</createdBy>
<createdTime>2017-01-26 00:27:14 UTC</createdTime>
<generatorID>023C7160-1D09-6B13-5BDE-5EB6132B7A22</generatorID>
<ownerDesignName>sumativa1</ownerDesignName>
<indexState>Foreign Key</indexState>
<isSurrogateKey>false</isSurrogateKey>
<indexColumnUsage>
<colUsage columnID="D421D51C-E39F-CDFF-0DD8-69FCAE149C1F"/>
</indexColumnUsage>
</ind_PK_UK>
</indexes>
</Table>