<?xml version = '1.0' encoding = 'UTF-8'?>
<Table class="oracle.dbtools.crest.model.design.relational.Table" directorySegmentName="seg_0" id="A63204E3-0F92-6E7C-828B-2B854E14F314" name="CARGOS">
<createdBy>melis</createdBy>
<createdTime>2017-01-26 00:27:14 UTC</createdTime>
<generatorID>93AD66EE-24DB-CD4B-6047-BE71B7E24553</generatorID>
<ownerDesignName>sumativa1</ownerDesignName>
<allowColumnReorder>false</allowColumnReorder>
<existDependencyGenerateInDDl>true</existDependencyGenerateInDDl>
<parsed>true</parsed>
<columns itemClass="oracle.dbtools.crest.model.design.relational.Column">
<Column name="codigo_num" id="B79CC8C0-2CDC-860C-BEEE-F36CE06F8E61">
<createdBy>melis</createdBy>
<createdTime>2017-01-26 00:27:14 UTC</createdTime>
<generatorID>B243EE1A-A0E8-9A20-1A7C-C701542CB6ED</generatorID>
<ownerDesignName>sumativa1</ownerDesignName>
<useDomainConstraints>false</useDomainConstraints>
<use>1</use>
<logicalDatatype>LOGDT019</logicalDatatype>
<ownDataTypeParameters>,,</ownDataTypeParameters>
<autoIncrementCycle>false</autoIncrementCycle>
</Column>
<Column name="descripcion" id="E5599626-7C0C-017D-73F7-88B9EF7C3036">
<createdBy>melis</createdBy>
<createdTime>2017-01-26 00:27:14 UTC</createdTime>
<generatorID>50429B7E-576A-07A3-DEF5-A5A7FBB806BD</generatorID>
<ownerDesignName>sumativa1</ownerDesignName>
<useDomainConstraints>false</useDomainConstraints>
<use>1</use>
<logicalDatatype>LOGDT024</logicalDatatype>
<dataTypeSize>50</dataTypeSize>
<ownDataTypeParameters>50,,</ownDataTypeParameters>
<autoIncrementCycle>false</autoIncrementCycle>
</Column>
</columns>
<indexes itemClass="oracle.dbtools.crest.model.design.relational.Index">
<ind_PK_UK id="14648696-000F-26B3-9160-859CCFC54044" name="CARGOS_PK">
<createdBy>melis</createdBy>
<createdTime>2017-01-26 00:27:14 UTC</createdTime>
<generatorID>5540AE3B-4DF9-36AA-37CC-5F71C0A52394</generatorID>
<ownerDesignName>sumativa1</ownerDesignName>
<pk>true</pk>
<indexState>Primary Constraint</indexState>
<isSurrogateKey>false</isSurrogateKey>
<indexColumnUsage>
<colUsage columnID="B79CC8C0-2CDC-860C-BEEE-F36CE06F8E61"/>
</indexColumnUsage>
</ind_PK_UK>
</indexes>
</Table>