<?xml version = '1.0' encoding = 'UTF-8'?>
<Table class="oracle.dbtools.crest.model.design.relational.Table" directorySegmentName="seg_0" id="B266EFAB-417A-8556-595E-DE29565617E5" name="DETALLE_VENTA">
<createdBy>melis</createdBy>
<createdTime>2017-01-26 00:27:14 UTC</createdTime>
<generatorID>11701D57-16AE-5BDF-6AA1-05B51599889D</generatorID>
<ownerDesignName>sumativa1</ownerDesignName>
<allowColumnReorder>false</allowColumnReorder>
<existDependencyGenerateInDDl>true</existDependencyGenerateInDDl>
<parsed>true</parsed>
<columns itemClass="oracle.dbtools.crest.model.design.relational.Column">
<Column name="precio_venta" id="5B3BA02F-2A50-DBA2-66A0-EEB2B807D527">
<createdBy>melis</createdBy>
<createdTime>2017-01-26 00:27:14 UTC</createdTime>
<generatorID>4B008245-CDDE-9EC8-DF8D-0D029D156722</generatorID>
<ownerDesignName>sumativa1</ownerDesignName>
<useDomainConstraints>false</useDomainConstraints>
<use>1</use>
<logicalDatatype>LOGDT019</logicalDatatype>
<ownDataTypeParameters>,,</ownDataTypeParameters>
<autoIncrementCycle>false</autoIncrementCycle>
</Column>
<Column name="cantidad" id="46E50EB7-BCDB-2F2E-0AB4-3573DBAC39FA">
<createdBy>melis</createdBy>
<createdTime>2017-01-26 00:27:14 UTC</createdTime>
<generatorID>C7265626-9A7E-BEDF-6DD1-78F49C1F7BD7</generatorID>
<ownerDesignName>sumativa1</ownerDesignName>
<useDomainConstraints>false</useDomainConstraints>
<use>1</use>
<logicalDatatype>LOGDT019</logicalDatatype>
<ownDataTypeParameters>,,</ownDataTypeParameters>
<autoIncrementCycle>false</autoIncrementCycle>
</Column>
<Column name="PRODUCTOS_codigo_num" id="32A374C6-481C-F4DC-2312-3B3B074471A8">
<createdBy>melis</createdBy>
<createdTime>2017-01-26 00:27:14 UTC</createdTime>
<generatorID>E5CA475D-9E36-9CC2-B50A-3EC76FC0DC9A</generatorID>
<ownerDesignName>sumativa1</ownerDesignName>
<useDomainConstraints>false</useDomainConstraints>
<use>1</use>
<logicalDatatype>LOGDT019</logicalDatatype>
<ownDataTypeParameters>,,</ownDataTypeParameters>
<previousColumn>false</previousColumn>
<autoIncrementCycle>false</autoIncrementCycle>
<associations>
<colAssociation fkAssociation="E3913599-DC2B-7DB9-4162-F6E91F400DB7" referredColumn="1C90F2EC-87BF-74A4-B732-CDE55DDF553B"/>
</associations>
</Column>
<Column name="BOLETA_num_boleta" id="D7A2F220-ED0D-D648-6E00-46FD11389F8B">
<createdBy>melis</createdBy>
<createdTime>2017-01-26 00:27:14 UTC</createdTime>
<generatorID>A1EC4017-46F9-1033-406D-5748E51F5689</generatorID>
<ownerDesignName>sumativa1</ownerDesignName>
<useDomainConstraints>false</useDomainConstraints>
<use>1</use>
<logicalDatatype>LOGDT019</logicalDatatype>
<ownDataTypeParameters>,,</ownDataTypeParameters>
<previousColumn>false</previousColumn>
<autoIncrementCycle>false</autoIncrementCycle>
<associations>
<colAssociation fkAssociation="6EAFD791-7A94-B38F-F9D0-1AC5D6153161" referredColumn="69026528-8213-1C31-8444-78559FC40B88"/>
</associations>
</Column>
</columns>
<indexes itemClass="oracle.dbtools.crest.model.design.relational.Index">
<ind_PK_UK id="9DECCB40-696B-C7DF-0878-38110707EAAA" name="DETALLE_VENTA_PRODUCTOS_FK">
<createdBy>melis</createdBy>
<createdTime>2017-01-26 00:27:14 UTC</createdTime>
<generatorID>3439CA74-A55E-0292-E97F-CEF891AA3646</generatorID>
<ownerDesignName>sumativa1</ownerDesignName>
<indexState>Foreign Key</indexState>
<isSurrogateKey>false</isSurrogateKey>
<indexColumnUsage>
<colUsage columnID="32A374C6-481C-F4DC-2312-3B3B074471A8"/>
</indexColumnUsage>
</ind_PK_UK>
<ind_PK_UK id="7B7A8392-D273-0DB5-4FF3-95B6640831E2" name="DETALLE_VENTA_BOLETA_FK">
<createdBy>melis</createdBy>
<createdTime>2017-01-26 00:27:14 UTC</createdTime>
<generatorID>0142B362-161A-9B9C-3E53-6C954C019643</generatorID>
<ownerDesignName>sumativa1</ownerDesignName>
<indexState>Foreign Key</indexState>
<isSurrogateKey>false</isSurrogateKey>
<indexColumnUsage>
<colUsage columnID="D7A2F220-ED0D-D648-6E00-46FD11389F8B"/>
</indexColumnUsage>
</ind_PK_UK>
</indexes>
</Table>