<?xml version = '1.0' encoding = 'UTF-8'?>
<Table class="oracle.dbtools.crest.model.design.relational.Table" directorySegmentName="seg_0" id="C4EDD68E-DD2B-39B3-46E0-465F72DE1BE1" name="BOLETA">
<createdBy>melis</createdBy>
<createdTime>2017-01-26 00:27:14 UTC</createdTime>
<generatorID>C7AE4B5E-9E3E-1435-3FCB-6CDEE1B50E57</generatorID>
<ownerDesignName>sumativa1</ownerDesignName>
<allowColumnReorder>false</allowColumnReorder>
<existDependencyGenerateInDDl>true</existDependencyGenerateInDDl>
<parsed>true</parsed>
<columns itemClass="oracle.dbtools.crest.model.design.relational.Column">
<Column name="num_boleta" id="69026528-8213-1C31-8444-78559FC40B88">
<createdBy>melis</createdBy>
<createdTime>2017-01-26 00:27:14 UTC</createdTime>
<generatorID>33082A15-F9DA-4A20-DD01-94E97150C05D</generatorID>
<ownerDesignName>sumativa1</ownerDesignName>
<useDomainConstraints>false</useDomainConstraints>
<use>1</use>
<logicalDatatype>LOGDT019</logicalDatatype>
<ownDataTypeParameters>,,</ownDataTypeParameters>
<autoIncrementCycle>false</autoIncrementCycle>
</Column>
<Column name="fecha_boleta" id="5C891398-27D4-DFC4-B24B-579020CA8E42">
<createdBy>melis</createdBy>
<createdTime>2017-01-26 00:27:14 UTC</createdTime>
<generatorID>358F7190-4290-4803-B2DE-8F9F3215369D</generatorID>
<ownerDesignName>sumativa1</ownerDesignName>
<useDomainConstraints>false</useDomainConstraints>
<use>1</use>
<logicalDatatype>LOGDT007</logicalDatatype>
<ownDataTypeParameters>,,</ownDataTypeParameters>
<autoIncrementCycle>false</autoIncrementCycle>
</Column>
<Column name="monto_venta" id="5BE84B04-D9EA-E4E7-B89E-48A3C1592992">
<createdBy>melis</createdBy>
<createdTime>2017-01-26 00:27:14 UTC</createdTime>
<generatorID>C9E2E228-878B-E1E4-01BA-18D598D53161</generatorID>
<ownerDesignName>sumativa1</ownerDesignName>
<useDomainConstraints>false</useDomainConstraints>
<use>1</use>
<logicalDatatype>LOGDT019</logicalDatatype>
<ownDataTypeParameters>,,</ownDataTypeParameters>
<autoIncrementCycle>false</autoIncrementCycle>
</Column>
<Column name="cant_productos" id="FCDAA532-AC78-41E3-2D57-18516A0A11E2">
<createdBy>melis</createdBy>
<createdTime>2017-01-26 00:27:14 UTC</createdTime>
<generatorID>25DDCED9-0321-AF58-EA9F-7E9EF8401078</generatorID>
<ownerDesignName>sumativa1</ownerDesignName>
<useDomainConstraints>false</useDomainConstraints>
<use>1</use>
<logicalDatatype>LOGDT019</logicalDatatype>
<ownDataTypeParameters>,,</ownDataTypeParameters>
<autoIncrementCycle>false</autoIncrementCycle>
</Column>
<Column name="SUCURSAL_num_sucursal" id="203B92CD-1327-CAE7-57B6-61136A707FCF">
<createdBy>melis</createdBy>
<createdTime>2017-01-26 00:27:14 UTC</createdTime>
<generatorID>336379B9-0C64-DCE8-EF76-9A58A9B160D9</generatorID>
<ownerDesignName>sumativa1</ownerDesignName>
<useDomainConstraints>false</useDomainConstraints>
<use>1</use>
<logicalDatatype>LOGDT019</logicalDatatype>
<ownDataTypeParameters>,,</ownDataTypeParameters>
<previousColumn>false</previousColumn>
<autoIncrementCycle>false</autoIncrementCycle>
<associations>
<colAssociation fkAssociation="2CFF3263-E11C-80EC-8FC7-2317989E3541" referredColumn="AADEEE3C-4DE2-3AB9-73A7-380911AEF3AB"/>
</associations>
</Column>
<Column name="CLIENTE_id_cliente" id="B1D2364F-5628-6A10-A71F-048BDCD7AE94">
<createdBy>melis</createdBy>
<createdTime>2017-01-26 00:27:14 UTC</createdTime>
<generatorID>FE5D5A1A-EB17-342A-10CA-A0C9B3DF9BCC</generatorID>
<ownerDesignName>sumativa1</ownerDesignName>
<useDomainConstraints>false</useDomainConstraints>
<use>1</use>
<logicalDatatype>LOGDT037</logicalDatatype>
<dataTypeSize>10</dataTypeSize>
<ownDataTypeParameters>,,</ownDataTypeParameters>
<previousColumn>false</previousColumn>
<autoIncrementCycle>false</autoIncrementCycle>
<associations>
<colAssociation fkAssociation="674EE221-AB28-6CA2-C718-9A903D4CE9DD" referredColumn="B1B8338C-1B70-A5A5-3A7F-F2FF5F01227B"/>
</associations>
</Column>
</columns>
<indexes itemClass="oracle.dbtools.crest.model.design.relational.Index">
<ind_PK_UK id="C279471F-6746-C778-CB0C-689CCB8ADA84" name="BOLETA_PK">
<createdBy>melis</createdBy>
<createdTime>2017-01-26 00:27:14 UTC</createdTime>
<generatorID>8E033180-2507-AD20-76EC-4338C1F76660</generatorID>
<ownerDesignName>sumativa1</ownerDesignName>
<pk>true</pk>
<indexState>Primary Constraint</indexState>
<isSurrogateKey>false</isSurrogateKey>
<indexColumnUsage>
<colUsage columnID="69026528-8213-1C31-8444-78559FC40B88"/>
</indexColumnUsage>
</ind_PK_UK>
<ind_PK_UK id="271BCDBE-D54E-AD3F-3216-B02417E4EFBF" name="BOLETA_SUCURSAL_FK">
<createdBy>melis</createdBy>
<createdTime>2017-01-26 00:27:14 UTC</createdTime>
<generatorID>725E03BA-6D6E-E876-F9BE-E303711E8C0C</generatorID>
<ownerDesignName>sumativa1</ownerDesignName>
<indexState>Foreign Key</indexState>
<isSurrogateKey>false</isSurrogateKey>
<indexColumnUsage>
<colUsage columnID="203B92CD-1327-CAE7-57B6-61136A707FCF"/>
</indexColumnUsage>
</ind_PK_UK>
<ind_PK_UK id="A6C19BFB-1E43-08A8-4292-CD15ED2BE033" name="BOLETA_CLIENTE_FK">
<createdBy>melis</createdBy>
<createdTime>2017-01-26 00:27:14 UTC</createdTime>
<generatorID>4BD1E268-A795-FFA1-3BB8-0BD12F09ED13</generatorID>
<ownerDesignName>sumativa1</ownerDesignName>
<indexState>Foreign Key</indexState>
<isSurrogateKey>false</isSurrogateKey>
<indexColumnUsage>
<colUsage columnID="B1D2364F-5628-6A10-A71F-048BDCD7AE94"/>
</indexColumnUsage>
</ind_PK_UK>
</indexes>
</Table>