<?xml version = '1.0' encoding = 'UTF-8'?>
<Table class="oracle.dbtools.crest.model.design.relational.Table" directorySegmentName="seg_0" id="E2A7914D-6A19-5CF9-608D-3FBE0BBE137B" name="SUCURSAL">
<createdBy>melis</createdBy>
<createdTime>2017-01-26 00:27:14 UTC</createdTime>
<generatorID>C33D8E4F-653C-931C-A8DD-BFB22DE961B5</generatorID>
<ownerDesignName>sumativa1</ownerDesignName>
<allowColumnReorder>false</allowColumnReorder>
<existDependencyGenerateInDDl>true</existDependencyGenerateInDDl>
<parsed>true</parsed>
<columns itemClass="oracle.dbtools.crest.model.design.relational.Column">
<Column name="num_sucursal" id="AADEEE3C-4DE2-3AB9-73A7-380911AEF3AB">
<createdBy>melis</createdBy>
<createdTime>2017-01-26 00:27:14 UTC</createdTime>
<generatorID>AFCF6CE0-53F9-918C-BA00-FE7C57AD29E4</generatorID>
<ownerDesignName>sumativa1</ownerDesignName>
<useDomainConstraints>false</useDomainConstraints>
<use>1</use>
<logicalDatatype>LOGDT019</logicalDatatype>
<ownDataTypeParameters>,,</ownDataTypeParameters>
<autoIncrementCycle>false</autoIncrementCycle>
</Column>
<Column name="nombre_suc" id="6E298A38-1246-C2BC-AB8A-A3FD3D3A8379">
<createdBy>melis</createdBy>
<createdTime>2017-01-26 00:27:14 UTC</createdTime>
<generatorID>31843C86-0EA4-9F05-95FC-EDF60F6573F2</generatorID>
<ownerDesignName>sumativa1</ownerDesignName>
<useDomainConstraints>false</useDomainConstraints>
<use>1</use>
<logicalDatatype>LOGDT024</logicalDatatype>
<dataTypeSize>50</dataTypeSize>
<ownDataTypeParameters>50,,</ownDataTypeParameters>
<autoIncrementCycle>false</autoIncrementCycle>
</Column>
<Column name="direccion" id="E663DF7C-237E-F665-C92F-77F0A27ED379">
<createdBy>melis</createdBy>
<createdTime>2017-01-26 00:27:14 UTC</createdTime>
<generatorID>1A4A5F2D-6305-972C-BBDC-F4DCB477DE02</generatorID>
<ownerDesignName>sumativa1</ownerDesignName>
<useDomainConstraints>false</useDomainConstraints>
<use>1</use>
<logicalDatatype>LOGDT024</logicalDatatype>
<dataTypeSize>50</dataTypeSize>
<ownDataTypeParameters>50,,</ownDataTypeParameters>
<autoIncrementCycle>false</autoIncrementCycle>
</Column>
</columns>
<indexes itemClass="oracle.dbtools.crest.model.design.relational.Index">
<ind_PK_UK id="EBB3A6A8-CCF0-A450-0962-5C0F167540C6" name="SUCURSAL_PK">
<createdBy>melis</createdBy>
<createdTime>2017-01-26 00:27:14 UTC</createdTime>
<generatorID>7C6794CE-22A5-E4E5-4124-AF6B53C8BAFE</generatorID>
<ownerDesignName>sumativa1</ownerDesignName>
<pk>true</pk>
<indexState>Primary Constraint</indexState>
<isSurrogateKey>false</isSurrogateKey>
<indexColumnUsage>
<colUsage columnID="AADEEE3C-4DE2-3AB9-73A7-380911AEF3AB"/>
</indexColumnUsage>
</ind_PK_UK>
<ind_PK_UK id="4B2B0E2A-6A7B-6FA3-B11C-13CDCAE249A9" name="SUCURSAL_nombre_suc_UN">
<createdBy>melis</createdBy>
<createdTime>2017-01-26 00:27:14 UTC</createdTime>
<generatorID>EE206F6C-DF30-2E6C-B5A7-6BC70D52FC4A</generatorID>
<ownerDesignName>sumativa1</ownerDesignName>
<indexState>Unique Constraint</indexState>
<isSurrogateKey>false</isSurrogateKey>
<indexColumnUsage>
<colUsage columnID="6E298A38-1246-C2BC-AB8A-A3FD3D3A8379"/>
</indexColumnUsage>
</ind_PK_UK>
</indexes>
</Table>