<?xml version = '1.0' encoding = 'UTF-8'?>
<Table class="oracle.dbtools.crest.model.design.relational.Table" directorySegmentName="seg_0" id="F237A870-3A71-ED1C-BFCF-FE0F1756C9F6" name="INDEFINIDO">
<createdBy>melis</createdBy>
<createdTime>2017-01-26 00:27:14 UTC</createdTime>
<generatorID>49773F97-E5FC-EFDC-8B7C-DDF43F64FB6F</generatorID>
<ownerDesignName>sumativa1</ownerDesignName>
<allowColumnReorder>false</allowColumnReorder>
<existDependencyGenerateInDDl>true</existDependencyGenerateInDDl>
<parsed>true</parsed>
<columns itemClass="oracle.dbtools.crest.model.design.relational.Column">
<Column name="rut" id="7B379635-1EF4-91EC-50B1-2185B0357F83">
<createdBy>melis</createdBy>
<createdTime>2017-01-26 00:27:14 UTC</createdTime>
<generatorID>037A281D-5976-96BC-C9B6-14D87882C786</generatorID>
<ownerDesignName>sumativa1</ownerDesignName>
<useDomainConstraints>false</useDomainConstraints>
<use>1</use>
<logicalDatatype>LOGDT037</logicalDatatype>
<dataTypeSize>10</dataTypeSize>
<ownDataTypeParameters>,,</ownDataTypeParameters>
<autoIncrementCycle>false</autoIncrementCycle>
<associations>
<colAssociation fkAssociation="908BBF84-3B07-43F0-D368-55AF3244ACD0" referredColumn="5483F315-C7ED-23D1-3868-1A878FFED32D"/>
</associations>
</Column>
<Column name="cargo" id="CE0C770C-94BB-1D06-54FA-170EF14400DB">
<createdBy>melis</createdBy>
<createdTime>2017-01-26 00:27:14 UTC</createdTime>
<generatorID>DB186D79-88AA-BE0D-5240-83B5B9A735CB</generatorID>
<ownerDesignName>sumativa1</ownerDesignName>
<useDomainConstraints>false</useDomainConstraints>
<use>1</use>
<logicalDatatype>LOGDT019</logicalDatatype>
<ownDataTypeParameters>,,</ownDataTypeParameters>
<autoIncrementCycle>false</autoIncrementCycle>
</Column>
<Column name="afp" id="0A3F01BC-C682-0386-6BFD-28F4917E5D37">
<createdBy>melis</createdBy>
<createdTime>2017-01-26 00:27:14 UTC</createdTime>
<generatorID>6FCCCC30-D096-EB2E-7057-3F9BA3B9C764</generatorID>
<ownerDesignName>sumativa1</ownerDesignName>
<useDomainConstraints>false</useDomainConstraints>
<use>1</use>
<logicalDatatype>LOGDT024</logicalDatatype>
<dataTypeSize>20</dataTypeSize>
<ownDataTypeParameters>20,,</ownDataTypeParameters>
<autoIncrementCycle>false</autoIncrementCycle>
</Column>
<Column name="sistema_salud" id="9D2E06E9-1AF4-33B9-7CD8-5FF2A81A49DB">
<createdBy>melis</createdBy>
<createdTime>2017-01-26 00:27:14 UTC</createdTime>
<generatorID>EE591AE6-671D-6BE6-0C3C-41A8011F60D4</generatorID>
<ownerDesignName>sumativa1</ownerDesignName>
<useDomainConstraints>false</useDomainConstraints>
<use>1</use>
<logicalDatatype>LOGDT024</logicalDatatype>
<dataTypeSize>20</dataTypeSize>
<ownDataTypeParameters>20,,</ownDataTypeParameters>
<autoIncrementCycle>false</autoIncrementCycle>
</Column>
</columns>
<indexes itemClass="oracle.dbtools.crest.model.design.relational.Index">
<ind_PK_UK id="9ED1CD25-E6F9-1EE2-84C8-2ECB2D6C5674" name="INDEFINIDO_PK">
<createdBy>melis</createdBy>
<createdTime>2017-01-26 00:27:14 UTC</createdTime>
<generatorID>5CB0BBD8-C618-86AD-4D3A-CDEBC476DA0D</generatorID>
<ownerDesignName>sumativa1</ownerDesignName>
<pk>true</pk>
<indexState>Primary Constraint</indexState>
<isSurrogateKey>false</isSurrogateKey>
<indexColumnUsage>
<colUsage columnID="7B379635-1EF4-91EC-50B1-2185B0357F83"/>
</indexColumnUsage>
</ind_PK_UK>
<ind_PK_UK id="857C7F30-0B6E-52F0-05F1-EE440D59D19C" name="INDEFINIDO_CONTRATO_FK">
<createdBy>melis</createdBy>
<createdTime>2017-01-26 00:27:14 UTC</createdTime>
<generatorID>715600C8-1831-45B8-3FB0-928D5F813259</generatorID>
<ownerDesignName>sumativa1</ownerDesignName>
<indexState>Foreign Key</indexState>
<isSurrogateKey>false</isSurrogateKey>
<indexColumnUsage>
<colUsage columnID="7B379635-1EF4-91EC-50B1-2185B0357F83"/>
</indexColumnUsage>
</ind_PK_UK>
</indexes>
</Table>