<?xml version = '1.0' encoding = 'UTF-8'?>
<Table class="oracle.dbtools.crest.model.design.relational.Table" directorySegmentName="seg_0" id="FCB864F7-D3D7-53A5-D851-4EF1D367C8B4" name="NORMAL">
<createdBy>melis</createdBy>
<createdTime>2017-01-26 00:27:14 UTC</createdTime>
<generatorID>72982F74-FC29-98F0-82FD-69CE02643C3C</generatorID>
<ownerDesignName>sumativa1</ownerDesignName>
<allowColumnReorder>false</allowColumnReorder>
<existDependencyGenerateInDDl>true</existDependencyGenerateInDDl>
<parsed>true</parsed>
<columns itemClass="oracle.dbtools.crest.model.design.relational.Column">
<Column name="id_cliente" id="4E0275D2-F98B-0318-6AAF-433C04A60EA7">
<createdBy>melis</createdBy>
<createdTime>2017-01-26 00:27:14 UTC</createdTime>
<generatorID>1E5C76C8-2535-1702-65C3-C75D33BAFD0D</generatorID>
<ownerDesignName>sumativa1</ownerDesignName>
<useDomainConstraints>false</useDomainConstraints>
<use>1</use>
<logicalDatatype>LOGDT037</logicalDatatype>
<dataTypeSize>10</dataTypeSize>
<ownDataTypeParameters>,,</ownDataTypeParameters>
<autoIncrementCycle>false</autoIncrementCycle>
<associations>
<colAssociation fkAssociation="3A87F1F6-0D70-C8A7-255F-922F35FD4E66" referredColumn="B1B8338C-1B70-A5A5-3A7F-F2FF5F01227B"/>
</associations>
</Column>
<Column name="descuento" id="57D7FFDD-FFB9-BB99-FA92-6CC5E6B1554F">
<createdBy>melis</createdBy>
<createdTime>2017-01-26 00:27:14 UTC</createdTime>
<generatorID>3A13C44F-CCAF-4535-0A74-9AD788B52FA9</generatorID>
<ownerDesignName>sumativa1</ownerDesignName>
<nullsAllowed>true</nullsAllowed>
<useDomainConstraints>false</useDomainConstraints>
<use>1</use>
<logicalDatatype>LOGDT019</logicalDatatype>
<ownDataTypeParameters>,,</ownDataTypeParameters>
<autoIncrementCycle>false</autoIncrementCycle>
</Column>
</columns>
<indexes itemClass="oracle.dbtools.crest.model.design.relational.Index">
<ind_PK_UK id="3D568F87-2BB1-F729-B8BC-2A84BBBE8C33" name="NORMAL_PK">
<createdBy>melis</createdBy>
<createdTime>2017-01-26 00:27:14 UTC</createdTime>
<generatorID>E0E8D9BC-B12F-860A-C0F0-8BBF3EE76015</generatorID>
<ownerDesignName>sumativa1</ownerDesignName>
<pk>true</pk>
<indexState>Primary Constraint</indexState>
<isSurrogateKey>false</isSurrogateKey>
<indexColumnUsage>
<colUsage columnID="4E0275D2-F98B-0318-6AAF-433C04A60EA7"/>
</indexColumnUsage>
</ind_PK_UK>
<ind_PK_UK id="81DA8125-F57A-87DB-BE1A-32507B68E773" name="NORMAL_CLIENTE_FK">
<createdBy>melis</createdBy>
<createdTime>2017-01-26 00:27:14 UTC</createdTime>
<generatorID>2607FA57-5300-B88F-4D23-A5ED8530FF86</generatorID>
<ownerDesignName>sumativa1</ownerDesignName>
<indexState>Foreign Key</indexState>
<isSurrogateKey>false</isSurrogateKey>
<indexColumnUsage>
<colUsage columnID="4E0275D2-F98B-0318-6AAF-433C04A60EA7"/>
</indexColumnUsage>
</ind_PK_UK>
</indexes>
</Table>