<?xml version = '1.0' encoding = 'UTF-8'?>
<FKArc class="oracle.dbtools.crest.model.design.relational.FKArc" directorySegmentName="seg_0" id="C101CCE0-204A-1429-BF2F-2DA80A55143A" name="FKArc_1">
<createdBy>melis</createdBy>
<createdTime>2017-01-26 00:27:14 UTC</createdTime>
<ownerDesignName>sumativa1</ownerDesignName>
<mandatory>false</mandatory>
<reverseArc>true</reverseArc>
<table>C04761D4-F668-7C10-6C0E-EFFC079687C1</table>
<fkeys>
<fkeyID>BB0B8DF1-2AC7-E1BF-097D-58DA2A0997FB</fkeyID>
<fkeyID>3A87F1F6-0D70-C8A7-255F-922F35FD4E66</fkeyID>
</fkeys>
</FKArc>