<?xml version = '1.0' encoding = 'UTF-8'?>
<FKArc class="oracle.dbtools.crest.model.design.relational.FKArc" directorySegmentName="seg_0" id="D54469A3-E66B-7C35-266B-7BAB4B1FAB5D" name="FKArc_2">
<createdBy>melis</createdBy>
<createdTime>2017-01-26 00:27:14 UTC</createdTime>
<ownerDesignName>sumativa1</ownerDesignName>
<mandatory>false</mandatory>
<reverseArc>true</reverseArc>
<table>5A77B568-DCD4-7B17-002E-AA3E151B0755</table>
<fkeys>
<fkeyID>289AFE26-C90B-A2F6-A890-049D458FE3BF</fkeyID>
<fkeyID>908BBF84-3B07-43F0-D368-55AF3244ACD0</fkeyID>
</fkeys>
</FKArc>