<?xml version = '1.0' encoding = 'UTF-8'?>
<Diagram class="oracle.dbtools.crest.swingui.logical.DPVLogical" name="Logical" id="EB4F904C-3025-BFAC-FADF-BC36B3B0C965">
<createdBy>melis</createdBy>
<modifiedBy>melis</modifiedBy>
<createdTime>2017-01-25 22:23:39 UTC</createdTime>
<autoRoute>false</autoRoute>
<boxInbox>false</boxInbox>
<showLegend>false</showLegend>
<showLabels>false</showLabels>
<showRelAttributes>false</showRelAttributes>
<gridEnabled>false</gridEnabled>
<showGrid>false</showGrid>
<diagramColor>-1</diagramColor>
<display>false</display>
<notation>1</notation>
<objectViews>
<OView class="oracle.dbtools.crest.swingui.logical.TVEntity" oid="11701D57-16AE-5BDF-6AA1-05B51599889D" otype="Entity" vid="341DAF40-BCFB-C7ED-3391-E4A32C3B5965">
<hideElementsInCurrentOnly>false</hideElementsInCurrentOnly>
<bounds x="324" y="27" width="170" height="65"/>
</OView>
<OView class="oracle.dbtools.crest.swingui.logical.TVEntity" oid="2CF7A23E-72FE-C5B1-1051-7BE289E730BA" otype="Entity" vid="DC72BED1-9801-8B97-7553-B2938CF25229">
<hideElementsInCurrentOnly>false</hideElementsInCurrentOnly>
<bounds x="88" y="462" width="147" height="83"/>
</OView>
<OView class="oracle.dbtools.crest.swingui.logical.TVEntity" oid="49773F97-E5FC-EFDC-8B7C-DDF43F64FB6F" otype="Entity" vid="CBCE74C7-89A6-06CD-FC46-2798CEA135D0">
<hideElementsInCurrentOnly>false</hideElementsInCurrentOnly>
<bounds x="260" y="462" width="115" height="101"/>
</OView>
<OView class="oracle.dbtools.crest.swingui.logical.TVEntity" oid="58F8F57D-8BD0-B0E6-B379-E8D8671F6C63" otype="Entity" vid="1803BF68-8B2F-FE84-451B-12F884664516">
<hideElementsInCurrentOnly>false</hideElementsInCurrentOnly>
<bounds x="130" y="205" width="227" height="206"/>
</OView>
<OView class="oracle.dbtools.crest.swingui.logical.TVEntity" oid="72982F74-FC29-98F0-82FD-69CE02643C3C" otype="Entity" vid="3326C6A9-9C4C-D053-26A2-B5D1966D6A0A">
<hideElementsInCurrentOnly>false</hideElementsInCurrentOnly>
<bounds x="978" y="248" width="112" height="58"/>
</OView>
<OView class="oracle.dbtools.crest.swingui.logical.TVEntity" oid="72DA8849-74F6-6D14-F078-0E3DCD82879B" otype="Entity" vid="84ACFE7B-E69B-780E-AD99-49EDB26EBD57">
<hideElementsInCurrentOnly>false</hideElementsInCurrentOnly>
<bounds x="858" y="243" width="99" height="60"/>
</OView>
<OView class="oracle.dbtools.crest.swingui.logical.TVEntity" oid="8C9B0523-7ADB-CBA1-117A-849D91AC46A9" otype="Entity" vid="0763D42A-BF11-0EC6-5FF7-4652AD2DC226">
<hideElementsInCurrentOnly>false</hideElementsInCurrentOnly>
<bounds x="867" y="43" width="242" height="147"/>
</OView>
<OView class="oracle.dbtools.crest.swingui.logical.TVEntity" oid="93AD66EE-24DB-CD4B-6047-BE71B7E24553" otype="Entity" vid="092AFD4E-F047-D1C3-3ED8-A54049A10544">
<hideElementsInCurrentOnly>false</hideElementsInCurrentOnly>
<bounds x="501" y="345" width="186" height="91"/>
</OView>
<OView class="oracle.dbtools.crest.swingui.logical.TVEntity" oid="C33D8E4F-653C-931C-A8DD-BFB22DE961B5" otype="Entity" vid="4630AA6C-4942-4658-AE5E-37C258C8B017">
<hideElementsInCurrentOnly>false</hideElementsInCurrentOnly>
<bounds x="528" y="187" width="238" height="110"/>
</OView>
<OView class="oracle.dbtools.crest.swingui.logical.TVEntity" oid="C7AE4B5E-9E3E-1435-3FCB-6CDEE1B50E57" otype="Entity" vid="BED6A455-2D6B-1738-79AD-F7BA1EEB3328">
<hideElementsInCurrentOnly>false</hideElementsInCurrentOnly>
<bounds x="577" y="5" width="192" height="141"/>
</OView>
<OView class="oracle.dbtools.crest.swingui.logical.TVEntity" oid="FC039B0D-B9BF-3428-D989-B395495338C1" otype="Entity" vid="65D96EFD-AB0D-3DFD-FC28-D168B51B8D4E">
<hideElementsInCurrentOnly>false</hideElementsInCurrentOnly>
<bounds x="43" y="13" width="206" height="131"/>
</OView>
</objectViews>
<connectors>
<Connector class="oracle.dbtools.crest.swingui.logical.TVRelation" oid="0142B362-161A-9B9C-3E53-6C954C019643" otype="Relation" vid_source="BED6A455-2D6B-1738-79AD-F7BA1EEB3328" vid_target="341DAF40-BCFB-C7ED-3391-E4A32C3B5965">
<hideElementsInCurrentOnly>false</hideElementsInCurrentOnly>
<backgroundColor>-16777216</backgroundColor>
<lineWidth>1</lineWidth>
<points>
<point x="577" y="59"/>
<point x="494" y="59"/>
</points>
</Connector>
<Connector class="oracle.dbtools.crest.swingui.logical.TVRelation" oid="023C7160-1D09-6B13-5BDE-5EB6132B7A22" otype="Relation" vid_source="4630AA6C-4942-4658-AE5E-37C258C8B017" vid_target="1803BF68-8B2F-FE84-451B-12F884664516">
<hideElementsInCurrentOnly>false</hideElementsInCurrentOnly>
<backgroundColor>-16777216</backgroundColor>
<lineWidth>1</lineWidth>
<points>
<point x="528" y="251"/>
<point x="357" y="251"/>
</points>
</Connector>
<Connector class="oracle.dbtools.crest.swingui.logical.TVInheritanceRelation" oid="2607FA57-5300-B88F-4D23-A5ED8530FF86" otype="Hierarchy relation" vid_source="0763D42A-BF11-0EC6-5FF7-4652AD2DC226" vid_target="3326C6A9-9C4C-D053-26A2-B5D1966D6A0A">
<hideElementsInCurrentOnly>false</hideElementsInCurrentOnly>
<backgroundColor>-65536</backgroundColor>
<lineWidth>1</lineWidth>
<points>
<point x="1034" y="190"/>
<point x="1034" y="248"/>
</points>
</Connector>
<Connector class="oracle.dbtools.crest.swingui.logical.TVRelation" oid="3439CA74-A55E-0292-E97F-CEF891AA3646" otype="Relation" vid_source="65D96EFD-AB0D-3DFD-FC28-D168B51B8D4E" vid_target="341DAF40-BCFB-C7ED-3391-E4A32C3B5965">
<hideElementsInCurrentOnly>false</hideElementsInCurrentOnly>
<backgroundColor>-16777216</backgroundColor>
<lineWidth>1</lineWidth>
<points>
<point x="249" y="59"/>
<point x="324" y="59"/>
</points>
</Connector>
<Connector class="oracle.dbtools.crest.swingui.logical.TVRelation" oid="4BD1E268-A795-FFA1-3BB8-0BD12F09ED13" otype="Relation" vid_source="0763D42A-BF11-0EC6-5FF7-4652AD2DC226" vid_target="BED6A455-2D6B-1738-79AD-F7BA1EEB3328">
<hideElementsInCurrentOnly>false</hideElementsInCurrentOnly>
<backgroundColor>-16777216</backgroundColor>
<lineWidth>1</lineWidth>
<points>
<point x="867" y="94"/>
<point x="769" y="94"/>
</points>
</Connector>
<Connector class="oracle.dbtools.crest.swingui.logical.TVInheritanceRelation" oid="6C0C392A-8B97-F441-5B58-744CC1BC9171" otype="Hierarchy relation" vid_source="0763D42A-BF11-0EC6-5FF7-4652AD2DC226" vid_target="84ACFE7B-E69B-780E-AD99-49EDB26EBD57">
<hideElementsInCurrentOnly>false</hideElementsInCurrentOnly>
<backgroundColor>-65536</backgroundColor>
<lineWidth>1</lineWidth>
<points>
<point x="912" y="190"/>
<point x="912" y="243"/>
</points>
</Connector>
<Connector class="oracle.dbtools.crest.swingui.logical.TVInheritanceRelation" oid="715600C8-1831-45B8-3FB0-928D5F813259" otype="Hierarchy relation" vid_source="1803BF68-8B2F-FE84-451B-12F884664516" vid_target="CBCE74C7-89A6-06CD-FC46-2798CEA135D0">
<hideElementsInCurrentOnly>false</hideElementsInCurrentOnly>
<backgroundColor>-65536</backgroundColor>
<lineWidth>1</lineWidth>
<points>
<point x="308" y="411"/>
<point x="308" y="462"/>
</points>
</Connector>
<Connector class="oracle.dbtools.crest.swingui.logical.TVRelation" oid="725E03BA-6D6E-E876-F9BE-E303711E8C0C" otype="Relation" vid_source="4630AA6C-4942-4658-AE5E-37C258C8B017" vid_target="BED6A455-2D6B-1738-79AD-F7BA1EEB3328">
<hideElementsInCurrentOnly>false</hideElementsInCurrentOnly>
<backgroundColor>-16777216</backgroundColor>
<lineWidth>1</lineWidth>
<points>
<point x="701" y="187"/>
<point x="701" y="146"/>
</points>
</Connector>
<Connector class="oracle.dbtools.crest.swingui.logical.TVRelation" oid="85852A4A-3E53-1BE3-4B60-47BB28951BEF" otype="Relation" vid_source="092AFD4E-F047-D1C3-3ED8-A54049A10544" vid_target="1803BF68-8B2F-FE84-451B-12F884664516">
<hideElementsInCurrentOnly>false</hideElementsInCurrentOnly>
<backgroundColor>-16777216</backgroundColor>
<lineWidth>1</lineWidth>
<points>
<point x="501" y="378"/>
<point x="357" y="378"/>
</points>
</Connector>
<Connector class="oracle.dbtools.crest.swingui.logical.TVInheritanceRelation" oid="DA3A337B-7FC9-183E-B704-A3C7220583E7" otype="Hierarchy relation" vid_source="1803BF68-8B2F-FE84-451B-12F884664516" vid_target="DC72BED1-9801-8B97-7553-B2938CF25229">
<hideElementsInCurrentOnly>false</hideElementsInCurrentOnly>
<backgroundColor>-65536</backgroundColor>
<lineWidth>1</lineWidth>
<points>
<point x="182" y="411"/>
<point x="182" y="462"/>
</points>
</Connector>
</connectors>
</Diagram>