<?xml version = '1.0' encoding = 'UTF-8'?>
<relationalModel class="oracle.dbtools.crest.model.design.relational.RelationalDesign" name="sum2_modelamiento" id="9522FA29-DA75-5486-82F2-C30A2B01D188" mainViewID="0A7932FA-F350-3D6C-9037-F52E01126733">
<createdBy>melis</createdBy>
<createdTime>2026-02-09 21:51:34 UTC</createdTime>
<ownerDesignName>sumativa2_MF</ownerDesignName>
<shouldBeOpen>false</shouldBeOpen>
<selectedRDBMSSite>D9582E4E-79E2-319F-387A-2ED963CB9D32</selectedRDBMSSite>
<importDDLFileStamps>
<importDDLFileStamp class="oracle.dbtools.crest.imports.DDLFileStamp">
<fileName>sum2_modelamiento.sql</fileName>
<pathName>C:\Users\melis\OneDrive\Desktop\Curso Modelamiento de datos\sumativa2</pathName>
<dbType>8</dbType>
</importDDLFileStamp>
</importDDLFileStamps>
</relationalModel>