<?xml version = '1.0' encoding = 'UTF-8'?>
<Entity class="oracle.dbtools.crest.model.design.logical.Entity" directorySegmentName="seg_0" id="11701D57-16AE-5BDF-6AA1-05B51599889D" name="DETALLE_VENTA">
<createdBy>melis</createdBy>
<createdTime>2017-01-26 00:11:14 UTC</createdTime>
<ownerDesignName>sumativa1</ownerDesignName>
<engineerTo>
<item key="0DC31596-A465-FD1C-E074-5AB94F37075A" value="true"/>
</engineerTo>
<adequatelyNormalized>NO</adequatelyNormalized>
<expectedVolumes>0</expectedVolumes>
<fwdEngineeringStrategyName>Single Table</fwdEngineeringStrategyName>
<growthPercent>0</growthPercent>
<growthType>Year</growthType>
<maxVolumes>9999999</maxVolumes>
<minVolumes>0</minVolumes>
<normalForm>Third</normalForm>
<attributes itemClass="oracle.dbtools.crest.model.design.logical.Attribute">
<Attribute name="precio_venta" id="4B008245-CDDE-9EC8-DF8D-0D029D156722">
<createdBy>melis</createdBy>
<createdTime>2017-01-26 00:11:21 UTC</createdTime>
<ownerDesignName>sumativa1</ownerDesignName>
<engineerTo>
<item key="0DC31596-A465-FD1C-E074-5AB94F37075A" value="true"/>
</engineerTo>
<useDomainConstraints>false</useDomainConstraints>
<use>1</use>
<logicalDatatype>LOGDT019</logicalDatatype>
<ownDataTypeParameters>,,</ownDataTypeParameters>
</Attribute>
<Attribute name="cantidad" id="C7265626-9A7E-BEDF-6DD1-78F49C1F7BD7">
<createdBy>melis</createdBy>
<createdTime>2017-01-26 00:12:13 UTC</createdTime>
<ownerDesignName>sumativa1</ownerDesignName>
<engineerTo>
<item key="0DC31596-A465-FD1C-E074-5AB94F37075A" value="true"/>
</engineerTo>
<useDomainConstraints>false</useDomainConstraints>
<use>1</use>
<logicalDatatype>LOGDT019</logicalDatatype>
<ownDataTypeParameters>,,</ownDataTypeParameters>
</Attribute>
<Attribute name="codigo_num" id="E5CA475D-9E36-9CC2-B50A-3EC76FC0DC9A">
<createdBy>melis</createdBy>
<createdTime>2017-01-26 00:12:34 UTC</createdTime>
<generatorID>3439CA74-A55E-0292-E97F-CEF891AA3646</generatorID>
<ownerDesignName>sumativa1</ownerDesignName>
<engineerTo>
<item key="0DC31596-A465-FD1C-E074-5AB94F37075A" value="true"/>
</engineerTo>
<referedAttribute>834D5772-2055-67A0-55A9-71C3ED8175A4</referedAttribute>
<useDomainConstraints>false</useDomainConstraints>
<use>1</use>
<logicalDatatype>LOGDT019</logicalDatatype>
<ownDataTypeParameters>,,</ownDataTypeParameters>
</Attribute>
<Attribute name="num_boleta" id="A1EC4017-46F9-1033-406D-5748E51F5689">
<createdBy>melis</createdBy>
<createdTime>2017-01-26 00:12:45 UTC</createdTime>
<generatorID>0142B362-161A-9B9C-3E53-6C954C019643</generatorID>
<ownerDesignName>sumativa1</ownerDesignName>
<engineerTo>
<item key="0DC31596-A465-FD1C-E074-5AB94F37075A" value="true"/>
</engineerTo>
<referedAttribute>33082A15-F9DA-4A20-DD01-94E97150C05D</referedAttribute>
<useDomainConstraints>false</useDomainConstraints>
<use>1</use>
<logicalDatatype>LOGDT019</logicalDatatype>
<ownDataTypeParameters>,,</ownDataTypeParameters>
</Attribute>
</attributes>
</Entity>