<?xml version = '1.0' encoding = 'UTF-8'?>
<Entity class="oracle.dbtools.crest.model.design.logical.Entity" directorySegmentName="seg_0" id="58F8F57D-8BD0-B0E6-B379-E8D8671F6C63" name="CONTRATO">
<createdBy>melis</createdBy>
<createdTime>2017-01-25 23:54:40 UTC</createdTime>
<ownerDesignName>sumativa1</ownerDesignName>
<engineerTo>
<item key="0DC31596-A465-FD1C-E074-5AB94F37075A" value="true"/>
</engineerTo>
<adequatelyNormalized>NO</adequatelyNormalized>
<expectedVolumes>0</expectedVolumes>
<fwdEngineeringStrategyName>Single Table</fwdEngineeringStrategyName>
<growthPercent>0</growthPercent>
<growthType>Year</growthType>
<maxVolumes>9999999</maxVolumes>
<minVolumes>0</minVolumes>
<normalForm>Third</normalForm>
<attributes itemClass="oracle.dbtools.crest.model.design.logical.Attribute">
<Attribute name="rut" id="037A281D-5976-96BC-C9B6-14D87882C786">
<createdBy>melis</createdBy>
<createdTime>2017-01-25 23:54:48 UTC</createdTime>
<ownerDesignName>sumativa1</ownerDesignName>
<engineerTo>
<item key="0DC31596-A465-FD1C-E074-5AB94F37075A" value="true"/>
</engineerTo>
<useDomainConstraints>false</useDomainConstraints>
<use>1</use>
<logicalDatatype>LOGDT037</logicalDatatype>
<dataTypeSize>10</dataTypeSize>
<ownDataTypeParameters>10,,</ownDataTypeParameters>
</Attribute>
<Attribute name="fecha_contrato" id="0CF84ECB-593E-6641-963F-5E642F15D03F">
<createdBy>melis</createdBy>
<createdTime>2017-01-25 23:55:09 UTC</createdTime>
<ownerDesignName>sumativa1</ownerDesignName>
<engineerTo>
<item key="0DC31596-A465-FD1C-E074-5AB94F37075A" value="true"/>
</engineerTo>
<useDomainConstraints>false</useDomainConstraints>
<use>1</use>
<logicalDatatype>LOGDT007</logicalDatatype>
<ownDataTypeParameters>,,</ownDataTypeParameters>
</Attribute>
<Attribute name="fecha_nac" id="505A5D36-5214-A6E4-73B4-A87041C8107A">
<createdBy>melis</createdBy>
<createdTime>2017-01-25 23:55:22 UTC</createdTime>
<ownerDesignName>sumativa1</ownerDesignName>
<engineerTo>
<item key="0DC31596-A465-FD1C-E074-5AB94F37075A" value="true"/>
</engineerTo>
<useDomainConstraints>false</useDomainConstraints>
<use>1</use>
<logicalDatatype>LOGDT007</logicalDatatype>
<ownDataTypeParameters>,,</ownDataTypeParameters>
</Attribute>
<Attribute name="nombre" id="A2BA8A20-33FA-0F00-006B-FE6764BBF869">
<createdBy>melis</createdBy>
<createdTime>2017-01-25 23:55:34 UTC</createdTime>
<ownerDesignName>sumativa1</ownerDesignName>
<engineerTo>
<item key="0DC31596-A465-FD1C-E074-5AB94F37075A" value="true"/>
</engineerTo>
<useDomainConstraints>false</useDomainConstraints>
<use>1</use>
<logicalDatatype>LOGDT024</logicalDatatype>
<dataTypeSize>20</dataTypeSize>
<ownDataTypeParameters>20,,</ownDataTypeParameters>
</Attribute>
<Attribute name="num_contrato" id="94FEDFD5-4D5C-0726-B749-C605E2430A42">
<createdBy>melis</createdBy>
<createdTime>2017-01-25 23:55:54 UTC</createdTime>
<ownerDesignName>sumativa1</ownerDesignName>
<engineerTo>
<item key="0DC31596-A465-FD1C-E074-5AB94F37075A" value="true"/>
</engineerTo>
<useDomainConstraints>false</useDomainConstraints>
<use>1</use>
<logicalDatatype>LOGDT019</logicalDatatype>
<ownDataTypeParameters>,,</ownDataTypeParameters>
</Attribute>
<Attribute name="sucursal" id="A49027EA-E5F4-F67D-0304-6871E6812581">
<createdBy>melis</createdBy>
<createdTime>2017-01-25 23:56:12 UTC</createdTime>
<ownerDesignName>sumativa1</ownerDesignName>
<engineerTo>
<item key="0DC31596-A465-FD1C-E074-5AB94F37075A" value="true"/>
</engineerTo>
<useDomainConstraints>false</useDomainConstraints>
<use>1</use>
<logicalDatatype>LOGDT019</logicalDatatype>
<ownDataTypeParameters>,,</ownDataTypeParameters>
</Attribute>
<Attribute name="direccion" id="1EFD49F8-2F75-F480-317B-D017742CCB03">
<createdBy>melis</createdBy>
<createdTime>2017-01-25 23:56:29 UTC</createdTime>
<ownerDesignName>sumativa1</ownerDesignName>
<engineerTo>
<item key="0DC31596-A465-FD1C-E074-5AB94F37075A" value="true"/>
</engineerTo>
<useDomainConstraints>false</useDomainConstraints>
<use>1</use>
<logicalDatatype>LOGDT024</logicalDatatype>
<dataTypeSize>50</dataTypeSize>
<ownDataTypeParameters>50,,</ownDataTypeParameters>
</Attribute>
<Attribute name="genero" id="6D71E711-3817-5CAC-9CDA-40CA833FB1CD">
<createdBy>melis</createdBy>
<createdTime>2017-01-25 23:57:05 UTC</createdTime>
<ownerDesignName>sumativa1</ownerDesignName>
<engineerTo>
<item key="0DC31596-A465-FD1C-E074-5AB94F37075A" value="true"/>
</engineerTo>
<nullsAllowed>true</nullsAllowed>
<useDomainConstraints>false</useDomainConstraints>
<use>1</use>
<logicalDatatype>LOGDT024</logicalDatatype>
<dataTypeSize>1</dataTypeSize>
<ownDataTypeParameters>1,,</ownDataTypeParameters>
</Attribute>
<Attribute name="codigo_num" id="85202F62-EDDA-65CE-C759-6D650EC82C3B">
<createdBy>melis</createdBy>
<createdTime>2017-01-26 00:04:16 UTC</createdTime>
<generatorID>85852A4A-3E53-1BE3-4B60-47BB28951BEF</generatorID>
<ownerDesignName>sumativa1</ownerDesignName>
<engineerTo>
<item key="0DC31596-A465-FD1C-E074-5AB94F37075A" value="true"/>
</engineerTo>
<referedAttribute>B243EE1A-A0E8-9A20-1A7C-C701542CB6ED</referedAttribute>
<useDomainConstraints>false</useDomainConstraints>
<use>1</use>
<logicalDatatype>LOGDT019</logicalDatatype>
<ownDataTypeParameters>,,</ownDataTypeParameters>
</Attribute>
<Attribute name="num_sucursal" id="FFDF6403-C439-BBD6-136D-F71DAFCF158B">
<createdBy>melis</createdBy>
<createdTime>2017-01-26 00:05:31 UTC</createdTime>
<generatorID>023C7160-1D09-6B13-5BDE-5EB6132B7A22</generatorID>
<ownerDesignName>sumativa1</ownerDesignName>
<engineerTo>
<item key="0DC31596-A465-FD1C-E074-5AB94F37075A" value="true"/>
</engineerTo>
<referedAttribute>AFCF6CE0-53F9-918C-BA00-FE7C57AD29E4</referedAttribute>
<useDomainConstraints>false</useDomainConstraints>
<use>1</use>
<logicalDatatype>LOGDT019</logicalDatatype>
<ownDataTypeParameters>,,</ownDataTypeParameters>
</Attribute>
</attributes>
<identifiers itemClass="oracle.dbtools.crest.model.design.logical.CandidateKey">
<identifier id="5CB0BBD8-C618-86AD-4D3A-CDEBC476DA0D" name="CONTRATO PK">
<createdBy>melis</createdBy>
<createdTime>2017-01-25 23:55:07 UTC</createdTime>
<ownerDesignName>sumativa1</ownerDesignName>
<engineerTo>
<item key="0DC31596-A465-FD1C-E074-5AB94F37075A" value="true"/>
</engineerTo>
<pk>true</pk>
<usedAttributes>
<attributeRef>037A281D-5976-96BC-C9B6-14D87882C786</attributeRef>
</usedAttributes>
</identifier>
</identifiers>
</Entity>