<?xml version = '1.0' encoding = 'UTF-8'?>
<Entity class="oracle.dbtools.crest.model.design.logical.Entity" directorySegmentName="seg_0" id="72DA8849-74F6-6D14-F078-0E3DCD82879B" name="VIP">
<createdBy>melis</createdBy>
<createdTime>2017-01-25 23:12:14 UTC</createdTime>
<ownerDesignName>sumativa1</ownerDesignName>
<engineerTo>
<item key="0DC31596-A465-FD1C-E074-5AB94F37075A" value="true"/>
</engineerTo>
<adequatelyNormalized>NO</adequatelyNormalized>
<expectedVolumes>0</expectedVolumes>
<fwdEngineeringStrategyName>Single Table</fwdEngineeringStrategyName>
<growthPercent>0</growthPercent>
<growthType>Year</growthType>
<hierarchicalParent>8C9B0523-7ADB-CBA1-117A-849D91AC46A9</hierarchicalParent>
<maxVolumes>9999999</maxVolumes>
<minVolumes>0</minVolumes>
<normalForm>Third</normalForm>
<attributes itemClass="oracle.dbtools.crest.model.design.logical.Attribute">
<Attribute name="descuento" id="BB923230-4132-41F4-9A2F-7D5CD55BF5D8">
<createdBy>melis</createdBy>
<createdTime>2017-01-25 23:12:22 UTC</createdTime>
<ownerDesignName>sumativa1</ownerDesignName>
<engineerTo>
<item key="0DC31596-A465-FD1C-E074-5AB94F37075A" value="true"/>
</engineerTo>
<useDomainConstraints>false</useDomainConstraints>
<use>1</use>
<logicalDatatype>LOGDT019</logicalDatatype>
<ownDataTypeParameters>,,</ownDataTypeParameters>
</Attribute>
</attributes>
</Entity>