<?xml version = '1.0' encoding = 'UTF-8'?>
<Entity class="oracle.dbtools.crest.model.design.logical.Entity" directorySegmentName="seg_0" id="8C9B0523-7ADB-CBA1-117A-849D91AC46A9" name="CLIENTE">
<createdBy>melis</createdBy>
<createdTime>2017-01-25 22:23:39 UTC</createdTime>
<ownerDesignName>sumativa1</ownerDesignName>
<engineerTo>
<item key="0DC31596-A465-FD1C-E074-5AB94F37075A" value="true"/>
</engineerTo>
<adequatelyNormalized>NO</adequatelyNormalized>
<expectedVolumes>0</expectedVolumes>
<fwdEngineeringStrategyName>Single Table</fwdEngineeringStrategyName>
<growthPercent>0</growthPercent>
<growthType>Year</growthType>
<maxVolumes>9999999</maxVolumes>
<minVolumes>0</minVolumes>
<normalForm>Third</normalForm>
<attributes itemClass="oracle.dbtools.crest.model.design.logical.Attribute">
<Attribute name="id_cliente" id="1E5C76C8-2535-1702-65C3-C75D33BAFD0D">
<createdBy>melis</createdBy>
<createdTime>2017-01-25 22:23:51 UTC</createdTime>
<ownerDesignName>sumativa1</ownerDesignName>
<engineerTo>
<item key="0DC31596-A465-FD1C-E074-5AB94F37075A" value="true"/>
</engineerTo>
<useDomainConstraints>false</useDomainConstraints>
<use>1</use>
<logicalDatatype>LOGDT037</logicalDatatype>
<dataTypeSize>10</dataTypeSize>
<ownDataTypeParameters>10,,</ownDataTypeParameters>
</Attribute>
<Attribute name="nombre_ciente" id="51AFF188-B69A-D7CA-795A-1A8D7830646F">
<createdBy>melis</createdBy>
<createdTime>2017-01-25 23:05:56 UTC</createdTime>
<ownerDesignName>sumativa1</ownerDesignName>
<engineerTo>
<item key="0DC31596-A465-FD1C-E074-5AB94F37075A" value="true"/>
</engineerTo>
<useDomainConstraints>false</useDomainConstraints>
<use>1</use>
<logicalDatatype>LOGDT024</logicalDatatype>
<dataTypeSize>50</dataTypeSize>
<ownDataTypeParameters>50,,</ownDataTypeParameters>
</Attribute>
<Attribute name="tipo_cliente" id="C8B6687D-99EE-5E5B-E32E-7A1450DA8E67">
<createdBy>melis</createdBy>
<createdTime>2017-01-25 23:07:18 UTC</createdTime>
<ownerDesignName>sumativa1</ownerDesignName>
<engineerTo>
<item key="0DC31596-A465-FD1C-E074-5AB94F37075A" value="true"/>
</engineerTo>
<useDomainConstraints>false</useDomainConstraints>
<use>1</use>
<logicalDatatype>LOGDT024</logicalDatatype>
<dataTypeSize>30</dataTypeSize>
<ownDataTypeParameters>30,,</ownDataTypeParameters>
</Attribute>
<Attribute name="puntaje" id="25894D71-6497-BA6A-B1E4-789EFCB3A7F1">
<createdBy>melis</createdBy>
<createdTime>2017-01-25 23:07:46 UTC</createdTime>
<ownerDesignName>sumativa1</ownerDesignName>
<engineerTo>
<item key="0DC31596-A465-FD1C-E074-5AB94F37075A" value="true"/>
</engineerTo>
<useDomainConstraints>false</useDomainConstraints>
<use>1</use>
<logicalDatatype>LOGDT019</logicalDatatype>
<ownDataTypeParameters>,,</ownDataTypeParameters>
</Attribute>
<Attribute name="rut" id="3D999B92-8056-C9EF-D91C-6234DDDF6BC1">
<createdBy>melis</createdBy>
<createdTime>2017-01-25 23:08:07 UTC</createdTime>
<ownerDesignName>sumativa1</ownerDesignName>
<engineerTo>
<item key="0DC31596-A465-FD1C-E074-5AB94F37075A" value="true"/>
</engineerTo>
<useDomainConstraints>false</useDomainConstraints>
<use>1</use>
<logicalDatatype>LOGDT037</logicalDatatype>
<dataTypeSize>10</dataTypeSize>
<ownDataTypeParameters>10,,</ownDataTypeParameters>
</Attribute>
</attributes>
<identifiers itemClass="oracle.dbtools.crest.model.design.logical.CandidateKey">
<identifier id="E0E8D9BC-B12F-860A-C0F0-8BBF3EE76015" name="CLIENTE PK">
<createdBy>melis</createdBy>
<createdTime>2017-01-25 22:24:16 UTC</createdTime>
<ownerDesignName>sumativa1</ownerDesignName>
<engineerTo>
<item key="0DC31596-A465-FD1C-E074-5AB94F37075A" value="true"/>
</engineerTo>
<pk>true</pk>
<usedAttributes>
<attributeRef>1E5C76C8-2535-1702-65C3-C75D33BAFD0D</attributeRef>
</usedAttributes>
</identifier>
<identifier id="07C175A2-C5F7-7F04-927D-F69F6EF299DD" name="rut">
<createdBy>melis</createdBy>
<createdTime>2017-01-25 23:09:12 UTC</createdTime>
<ownerDesignName>sumativa1</ownerDesignName>
<engineerTo>
<item key="0DC31596-A465-FD1C-E074-5AB94F37075A" value="true"/>
</engineerTo>
<newElementsIDs>3D999B92-8056-C9EF-D91C-6234DDDF6BC1</newElementsIDs>
<usedAttributes>
<attributeRef>3D999B92-8056-C9EF-D91C-6234DDDF6BC1</attributeRef>
</usedAttributes>
</identifier>
</identifiers>
</Entity>