<?xml version = '1.0' encoding = 'UTF-8'?>
<Entity class="oracle.dbtools.crest.model.design.logical.Entity" directorySegmentName="seg_0" id="C33D8E4F-653C-931C-A8DD-BFB22DE961B5" name="SUCURSAL">
<createdBy>melis</createdBy>
<createdTime>2017-01-25 22:58:07 UTC</createdTime>
<ownerDesignName>sumativa1</ownerDesignName>
<engineerTo>
<item key="0DC31596-A465-FD1C-E074-5AB94F37075A" value="true"/>
</engineerTo>
<adequatelyNormalized>NO</adequatelyNormalized>
<expectedVolumes>0</expectedVolumes>
<fwdEngineeringStrategyName>Single Table</fwdEngineeringStrategyName>
<growthPercent>0</growthPercent>
<growthType>Year</growthType>
<maxVolumes>9999999</maxVolumes>
<minVolumes>0</minVolumes>
<normalForm>Third</normalForm>
<attributes itemClass="oracle.dbtools.crest.model.design.logical.Attribute">
<Attribute name="num_sucursal" id="AFCF6CE0-53F9-918C-BA00-FE7C57AD29E4">
<createdBy>melis</createdBy>
<createdTime>2017-01-25 22:58:56 UTC</createdTime>
<ownerDesignName>sumativa1</ownerDesignName>
<engineerTo>
<item key="0DC31596-A465-FD1C-E074-5AB94F37075A" value="true"/>
</engineerTo>
<useDomainConstraints>false</useDomainConstraints>
<use>1</use>
<logicalDatatype>LOGDT019</logicalDatatype>
<ownDataTypeParameters>,,</ownDataTypeParameters>
</Attribute>
<Attribute name="nombre_suc" id="31843C86-0EA4-9F05-95FC-EDF60F6573F2">
<createdBy>melis</createdBy>
<createdTime>2017-01-25 22:59:15 UTC</createdTime>
<ownerDesignName>sumativa1</ownerDesignName>
<engineerTo>
<item key="0DC31596-A465-FD1C-E074-5AB94F37075A" value="true"/>
</engineerTo>
<useDomainConstraints>false</useDomainConstraints>
<use>1</use>
<logicalDatatype>LOGDT024</logicalDatatype>
<dataTypeSize>50</dataTypeSize>
<ownDataTypeParameters>50,,</ownDataTypeParameters>
</Attribute>
<Attribute name="direccion" id="1A4A5F2D-6305-972C-BBDC-F4DCB477DE02">
<createdBy>melis</createdBy>
<createdTime>2017-01-25 22:59:32 UTC</createdTime>
<ownerDesignName>sumativa1</ownerDesignName>
<engineerTo>
<item key="0DC31596-A465-FD1C-E074-5AB94F37075A" value="true"/>
</engineerTo>
<useDomainConstraints>false</useDomainConstraints>
<use>1</use>
<logicalDatatype>LOGDT024</logicalDatatype>
<dataTypeSize>50</dataTypeSize>
<ownDataTypeParameters>50,,</ownDataTypeParameters>
</Attribute>
</attributes>
<identifiers itemClass="oracle.dbtools.crest.model.design.logical.CandidateKey">
<identifier id="7C6794CE-22A5-E4E5-4124-AF6B53C8BAFE" name="SUCURSAL PK">
<createdBy>melis</createdBy>
<createdTime>2017-01-25 22:59:13 UTC</createdTime>
<ownerDesignName>sumativa1</ownerDesignName>
<engineerTo>
<item key="0DC31596-A465-FD1C-E074-5AB94F37075A" value="true"/>
</engineerTo>
<pk>true</pk>
<usedAttributes>
<attributeRef>AFCF6CE0-53F9-918C-BA00-FE7C57AD29E4</attributeRef>
</usedAttributes>
</identifier>
<identifier id="EE206F6C-DF30-2E6C-B5A7-6BC70D52FC4A" name="nombre_suc">
<createdBy>melis</createdBy>
<createdTime>2017-01-25 22:59:58 UTC</createdTime>
<ownerDesignName>sumativa1</ownerDesignName>
<engineerTo>
<item key="0DC31596-A465-FD1C-E074-5AB94F37075A" value="true"/>
</engineerTo>
<newElementsIDs>31843C86-0EA4-9F05-95FC-EDF60F6573F2</newElementsIDs>
<usedAttributes>
<attributeRef>31843C86-0EA4-9F05-95FC-EDF60F6573F2</attributeRef>
</usedAttributes>
</identifier>
</identifiers>
</Entity>