<?xml version = '1.0' encoding = 'UTF-8'?>
<Entity class="oracle.dbtools.crest.model.design.logical.Entity" directorySegmentName="seg_0" id="C7AE4B5E-9E3E-1435-3FCB-6CDEE1B50E57" name="BOLETA">
<createdBy>melis</createdBy>
<createdTime>2017-01-25 23:00:56 UTC</createdTime>
<ownerDesignName>sumativa1</ownerDesignName>
<engineerTo>
<item key="0DC31596-A465-FD1C-E074-5AB94F37075A" value="true"/>
</engineerTo>
<adequatelyNormalized>NO</adequatelyNormalized>
<expectedVolumes>0</expectedVolumes>
<fwdEngineeringStrategyName>Single Table</fwdEngineeringStrategyName>
<growthPercent>0</growthPercent>
<growthType>Year</growthType>
<maxVolumes>9999999</maxVolumes>
<minVolumes>0</minVolumes>
<normalForm>Third</normalForm>
<attributes itemClass="oracle.dbtools.crest.model.design.logical.Attribute">
<Attribute name="num_boleta" id="33082A15-F9DA-4A20-DD01-94E97150C05D">
<createdBy>melis</createdBy>
<createdTime>2017-01-25 23:01:04 UTC</createdTime>
<ownerDesignName>sumativa1</ownerDesignName>
<engineerTo>
<item key="0DC31596-A465-FD1C-E074-5AB94F37075A" value="true"/>
</engineerTo>
<useDomainConstraints>false</useDomainConstraints>
<use>1</use>
<logicalDatatype>LOGDT019</logicalDatatype>
<ownDataTypeParameters>,,</ownDataTypeParameters>
</Attribute>
<Attribute name="fecha_boleta" id="358F7190-4290-4803-B2DE-8F9F3215369D">
<createdBy>melis</createdBy>
<createdTime>2017-01-25 23:01:27 UTC</createdTime>
<ownerDesignName>sumativa1</ownerDesignName>
<engineerTo>
<item key="0DC31596-A465-FD1C-E074-5AB94F37075A" value="true"/>
</engineerTo>
<useDomainConstraints>false</useDomainConstraints>
<use>1</use>
<logicalDatatype>LOGDT007</logicalDatatype>
<ownDataTypeParameters>,,</ownDataTypeParameters>
</Attribute>
<Attribute name="monto_venta" id="C9E2E228-878B-E1E4-01BA-18D598D53161">
<createdBy>melis</createdBy>
<createdTime>2017-01-25 23:01:44 UTC</createdTime>
<ownerDesignName>sumativa1</ownerDesignName>
<engineerTo>
<item key="0DC31596-A465-FD1C-E074-5AB94F37075A" value="true"/>
</engineerTo>
<useDomainConstraints>false</useDomainConstraints>
<use>1</use>
<logicalDatatype>LOGDT019</logicalDatatype>
<ownDataTypeParameters>,,</ownDataTypeParameters>
</Attribute>
<Attribute name="cant_productos" id="25DDCED9-0321-AF58-EA9F-7E9EF8401078">
<createdBy>melis</createdBy>
<createdTime>2017-01-25 23:02:02 UTC</createdTime>
<ownerDesignName>sumativa1</ownerDesignName>
<engineerTo>
<item key="0DC31596-A465-FD1C-E074-5AB94F37075A" value="true"/>
</engineerTo>
<useDomainConstraints>false</useDomainConstraints>
<use>1</use>
<logicalDatatype>LOGDT019</logicalDatatype>
<ownDataTypeParameters>,,</ownDataTypeParameters>
</Attribute>
<Attribute name="num_sucursal1" id="336379B9-0C64-DCE8-EF76-9A58A9B160D9">
<createdBy>melis</createdBy>
<createdTime>2017-01-25 23:03:59 UTC</createdTime>
<generatorID>725E03BA-6D6E-E876-F9BE-E303711E8C0C</generatorID>
<ownerDesignName>sumativa1</ownerDesignName>
<engineerTo>
<item key="0DC31596-A465-FD1C-E074-5AB94F37075A" value="true"/>
</engineerTo>
<referedAttribute>AFCF6CE0-53F9-918C-BA00-FE7C57AD29E4</referedAttribute>
<useDomainConstraints>false</useDomainConstraints>
<use>1</use>
<logicalDatatype>LOGDT019</logicalDatatype>
<ownDataTypeParameters>,,</ownDataTypeParameters>
</Attribute>
<Attribute name="id_cliente" id="FE5D5A1A-EB17-342A-10CA-A0C9B3DF9BCC">
<createdBy>melis</createdBy>
<createdTime>2017-01-26 00:04:46 UTC</createdTime>
<generatorID>4BD1E268-A795-FFA1-3BB8-0BD12F09ED13</generatorID>
<ownerDesignName>sumativa1</ownerDesignName>
<engineerTo>
<item key="0DC31596-A465-FD1C-E074-5AB94F37075A" value="true"/>
</engineerTo>
<referedAttribute>1E5C76C8-2535-1702-65C3-C75D33BAFD0D</referedAttribute>
<useDomainConstraints>false</useDomainConstraints>
<use>1</use>
<logicalDatatype>LOGDT037</logicalDatatype>
<dataTypeSize>10</dataTypeSize>
<ownDataTypeParameters>,,</ownDataTypeParameters>
</Attribute>
</attributes>
<identifiers itemClass="oracle.dbtools.crest.model.design.logical.CandidateKey">
<identifier id="8E033180-2507-AD20-76EC-4338C1F76660" name="BOLETA PK">
<createdBy>melis</createdBy>
<createdTime>2017-01-25 23:01:25 UTC</createdTime>
<ownerDesignName>sumativa1</ownerDesignName>
<engineerTo>
<item key="0DC31596-A465-FD1C-E074-5AB94F37075A" value="true"/>
</engineerTo>
<pk>true</pk>
<usedAttributes>
<attributeRef>33082A15-F9DA-4A20-DD01-94E97150C05D</attributeRef>
</usedAttributes>
</identifier>
</identifiers>
</Entity>