<?xml version = '1.0' encoding = 'UTF-8'?>
<FKIndexAssociation class="oracle.dbtools.crest.model.design.relational.FKIndexAssociation" directorySegmentName="seg_0" id="289AFE26-C90B-A2F6-A890-049D458FE3BF" containerWithKeyObject="378B62F2-515C-BE0E-3274-609595323BE1" localFKIndex="944AFA6F-61F1-C040-3C77-607525819994" name="PASANTE_CONTRATO_FK">
<createdBy>melis</createdBy>
<createdTime>2017-01-26 00:27:14 UTC</createdTime>
<generatorID>DA3A337B-7FC9-183E-B704-A3C7220583E7</generatorID>
<ownerDesignName>sumativa1</ownerDesignName>
<referredTableLongName>CONTRATO</referredTableLongName>
<arc>D54469A3-E66B-7C35-266B-7BAB4B1FAB5D</arc>
<deleteRule>NO ACTION</deleteRule>
<referredTableID>5A77B568-DCD4-7B17-002E-AA3E151B0755</referredTableID>
<keyObject>29F5846D-29FF-6383-323A-AB464CA06489</keyObject>
<referredKeyID>29F5846D-29FF-6383-323A-AB464CA06489</referredKeyID>
<mandatory>true</mandatory>
<refColNames>rut</refColNames>
<transferable>true</transferable>
<rely>false</rely>
<columnDependencyConstraintGenerateInDDL>true</columnDependencyConstraintGenerateInDDL>
</FKIndexAssociation>