<?xml version = '1.0' encoding = 'UTF-8'?>
<FKIndexAssociation class="oracle.dbtools.crest.model.design.relational.FKIndexAssociation" directorySegmentName="seg_0" id="2B6B2B81-639D-6F91-9D32-2F441F67173A" containerWithKeyObject="5A77B568-DCD4-7B17-002E-AA3E151B0755" localFKIndex="8BB5E1F3-24EA-2C8B-1B07-2A2EFE547E6E" name="CONTRATO_CARGOS_FK">
<createdBy>melis</createdBy>
<createdTime>2017-01-26 00:27:14 UTC</createdTime>
<generatorID>85852A4A-3E53-1BE3-4B60-47BB28951BEF</generatorID>
<ownerDesignName>sumativa1</ownerDesignName>
<referredTableLongName>CARGOS</referredTableLongName>
<deleteRule>NO ACTION</deleteRule>
<referredTableID>A63204E3-0F92-6E7C-828B-2B854E14F314</referredTableID>
<keyObject>14648696-000F-26B3-9160-859CCFC54044</keyObject>
<referredKeyID>14648696-000F-26B3-9160-859CCFC54044</referredKeyID>
<mandatory>true</mandatory>
<refColNames>codigo_num</refColNames>
<transferable>true</transferable>
<rely>false</rely>
<columnDependencyConstraintGenerateInDDL>true</columnDependencyConstraintGenerateInDDL>
</FKIndexAssociation>