<?xml version = '1.0' encoding = 'UTF-8'?>
<FKIndexAssociation class="oracle.dbtools.crest.model.design.relational.FKIndexAssociation" directorySegmentName="seg_0" id="2CFF3263-E11C-80EC-8FC7-2317989E3541" containerWithKeyObject="C4EDD68E-DD2B-39B3-46E0-465F72DE1BE1" localFKIndex="271BCDBE-D54E-AD3F-3216-B02417E4EFBF" name="BOLETA_SUCURSAL_FK">
<createdBy>melis</createdBy>
<createdTime>2017-01-26 00:27:14 UTC</createdTime>
<generatorID>725E03BA-6D6E-E876-F9BE-E303711E8C0C</generatorID>
<ownerDesignName>sumativa1</ownerDesignName>
<referredTableLongName>SUCURSAL</referredTableLongName>
<deleteRule>NO ACTION</deleteRule>
<referredTableID>E2A7914D-6A19-5CF9-608D-3FBE0BBE137B</referredTableID>
<keyObject>EBB3A6A8-CCF0-A450-0962-5C0F167540C6</keyObject>
<referredKeyID>EBB3A6A8-CCF0-A450-0962-5C0F167540C6</referredKeyID>
<mandatory>true</mandatory>
<refColNames>num_sucursal</refColNames>
<transferable>true</transferable>
<rely>false</rely>
<columnDependencyConstraintGenerateInDDL>true</columnDependencyConstraintGenerateInDDL>
</FKIndexAssociation>