<?xml version = '1.0' encoding = 'UTF-8'?>
<FKIndexAssociation class="oracle.dbtools.crest.model.design.relational.FKIndexAssociation" directorySegmentName="seg_0" id="3A87F1F6-0D70-C8A7-255F-922F35FD4E66" containerWithKeyObject="FCB864F7-D3D7-53A5-D851-4EF1D367C8B4" localFKIndex="81DA8125-F57A-87DB-BE1A-32507B68E773" name="NORMAL_CLIENTE_FK">
<createdBy>melis</createdBy>
<createdTime>2017-01-26 00:27:14 UTC</createdTime>
<generatorID>2607FA57-5300-B88F-4D23-A5ED8530FF86</generatorID>
<ownerDesignName>sumativa1</ownerDesignName>
<referredTableLongName>CLIENTE</referredTableLongName>
<arc>C101CCE0-204A-1429-BF2F-2DA80A55143A</arc>
<deleteRule>NO ACTION</deleteRule>
<referredTableID>C04761D4-F668-7C10-6C0E-EFFC079687C1</referredTableID>
<keyObject>634C557D-2672-4D3A-F987-01A0B9F46F7B</keyObject>
<referredKeyID>634C557D-2672-4D3A-F987-01A0B9F46F7B</referredKeyID>
<mandatory>true</mandatory>
<refColNames>id_cliente</refColNames>
<transferable>true</transferable>
<rely>false</rely>
<columnDependencyConstraintGenerateInDDL>true</columnDependencyConstraintGenerateInDDL>
</FKIndexAssociation>