<?xml version = '1.0' encoding = 'UTF-8'?>
<FKIndexAssociation class="oracle.dbtools.crest.model.design.relational.FKIndexAssociation" directorySegmentName="seg_0" id="674EE221-AB28-6CA2-C718-9A903D4CE9DD" containerWithKeyObject="C4EDD68E-DD2B-39B3-46E0-465F72DE1BE1" localFKIndex="A6C19BFB-1E43-08A8-4292-CD15ED2BE033" name="BOLETA_CLIENTE_FK">
<createdBy>melis</createdBy>
<createdTime>2017-01-26 00:27:14 UTC</createdTime>
<generatorID>4BD1E268-A795-FFA1-3BB8-0BD12F09ED13</generatorID>
<ownerDesignName>sumativa1</ownerDesignName>
<referredTableLongName>CLIENTE</referredTableLongName>
<deleteRule>NO ACTION</deleteRule>
<referredTableID>C04761D4-F668-7C10-6C0E-EFFC079687C1</referredTableID>
<keyObject>634C557D-2672-4D3A-F987-01A0B9F46F7B</keyObject>
<referredKeyID>634C557D-2672-4D3A-F987-01A0B9F46F7B</referredKeyID>
<mandatory>true</mandatory>
<refColNames>id_cliente</refColNames>
<transferable>true</transferable>
<rely>false</rely>
<columnDependencyConstraintGenerateInDDL>true</columnDependencyConstraintGenerateInDDL>
</FKIndexAssociation>