<?xml version = '1.0' encoding = 'UTF-8'?>
<FKIndexAssociation class="oracle.dbtools.crest.model.design.relational.FKIndexAssociation" directorySegmentName="seg_0" id="6EAFD791-7A94-B38F-F9D0-1AC5D6153161" containerWithKeyObject="B266EFAB-417A-8556-595E-DE29565617E5" localFKIndex="7B7A8392-D273-0DB5-4FF3-95B6640831E2" name="DETALLE_VENTA_BOLETA_FK">
<createdBy>melis</createdBy>
<createdTime>2017-01-26 00:27:14 UTC</createdTime>
<generatorID>0142B362-161A-9B9C-3E53-6C954C019643</generatorID>
<ownerDesignName>sumativa1</ownerDesignName>
<referredTableLongName>BOLETA</referredTableLongName>
<deleteRule>NO ACTION</deleteRule>
<referredTableID>C4EDD68E-DD2B-39B3-46E0-465F72DE1BE1</referredTableID>
<keyObject>C279471F-6746-C778-CB0C-689CCB8ADA84</keyObject>
<referredKeyID>C279471F-6746-C778-CB0C-689CCB8ADA84</referredKeyID>
<mandatory>true</mandatory>
<refColNames>num_boleta</refColNames>
<transferable>true</transferable>
<rely>false</rely>
<columnDependencyConstraintGenerateInDDL>true</columnDependencyConstraintGenerateInDDL>
</FKIndexAssociation>