<?xml version = '1.0' encoding = 'UTF-8'?>
<FKIndexAssociation class="oracle.dbtools.crest.model.design.relational.FKIndexAssociation" directorySegmentName="seg_0" id="7C7B81DF-83FA-B6AF-F558-BE9228BD627A" containerWithKeyObject="5A77B568-DCD4-7B17-002E-AA3E151B0755" localFKIndex="C4811CD6-FBB8-DF63-F48D-BA14E70DD1B8" name="CONTRATO_SUCURSAL_FK">
<createdBy>melis</createdBy>
<createdTime>2017-01-26 00:27:14 UTC</createdTime>
<generatorID>023C7160-1D09-6B13-5BDE-5EB6132B7A22</generatorID>
<ownerDesignName>sumativa1</ownerDesignName>
<referredTableLongName>SUCURSAL</referredTableLongName>
<deleteRule>NO ACTION</deleteRule>
<referredTableID>E2A7914D-6A19-5CF9-608D-3FBE0BBE137B</referredTableID>
<keyObject>EBB3A6A8-CCF0-A450-0962-5C0F167540C6</keyObject>
<referredKeyID>EBB3A6A8-CCF0-A450-0962-5C0F167540C6</referredKeyID>
<mandatory>true</mandatory>
<refColNames>num_sucursal</refColNames>
<transferable>true</transferable>
<rely>false</rely>
<columnDependencyConstraintGenerateInDDL>true</columnDependencyConstraintGenerateInDDL>
</FKIndexAssociation>