<?xml version = '1.0' encoding = 'UTF-8'?>
<FKIndexAssociation class="oracle.dbtools.crest.model.design.relational.FKIndexAssociation" directorySegmentName="seg_0" id="908BBF84-3B07-43F0-D368-55AF3244ACD0" containerWithKeyObject="F237A870-3A71-ED1C-BFCF-FE0F1756C9F6" localFKIndex="857C7F30-0B6E-52F0-05F1-EE440D59D19C" name="INDEFINIDO_CONTRATO_FK">
<createdBy>melis</createdBy>
<createdTime>2017-01-26 00:27:14 UTC</createdTime>
<generatorID>715600C8-1831-45B8-3FB0-928D5F813259</generatorID>
<ownerDesignName>sumativa1</ownerDesignName>
<referredTableLongName>CONTRATO</referredTableLongName>
<arc>D54469A3-E66B-7C35-266B-7BAB4B1FAB5D</arc>
<deleteRule>NO ACTION</deleteRule>
<referredTableID>5A77B568-DCD4-7B17-002E-AA3E151B0755</referredTableID>
<keyObject>29F5846D-29FF-6383-323A-AB464CA06489</keyObject>
<referredKeyID>29F5846D-29FF-6383-323A-AB464CA06489</referredKeyID>
<mandatory>true</mandatory>
<refColNames>rut</refColNames>
<transferable>true</transferable>
<rely>false</rely>
<columnDependencyConstraintGenerateInDDL>true</columnDependencyConstraintGenerateInDDL>
</FKIndexAssociation>