<?xml version = '1.0' encoding = 'UTF-8'?>
<FKIndexAssociation class="oracle.dbtools.crest.model.design.relational.FKIndexAssociation" directorySegmentName="seg_0" id="BB0B8DF1-2AC7-E1BF-097D-58DA2A0997FB" containerWithKeyObject="3772E621-9F22-C3BA-668E-E076A3F228BB" localFKIndex="D01DD1DB-23A4-2279-A52D-3B709D416B0D" name="VIP_CLIENTE_FK">
<createdBy>melis</createdBy>
<createdTime>2017-01-26 00:27:14 UTC</createdTime>
<generatorID>6C0C392A-8B97-F441-5B58-744CC1BC9171</generatorID>
<ownerDesignName>sumativa1</ownerDesignName>
<referredTableLongName>CLIENTE</referredTableLongName>
<arc>C101CCE0-204A-1429-BF2F-2DA80A55143A</arc>
<deleteRule>NO ACTION</deleteRule>
<referredTableID>C04761D4-F668-7C10-6C0E-EFFC079687C1</referredTableID>
<keyObject>634C557D-2672-4D3A-F987-01A0B9F46F7B</keyObject>
<referredKeyID>634C557D-2672-4D3A-F987-01A0B9F46F7B</referredKeyID>
<mandatory>true</mandatory>
<refColNames>id_cliente</refColNames>
<transferable>true</transferable>
<rely>false</rely>
<columnDependencyConstraintGenerateInDDL>true</columnDependencyConstraintGenerateInDDL>
</FKIndexAssociation>