<?xml version = '1.0' encoding = 'UTF-8'?>
<FKIndexAssociation class="oracle.dbtools.crest.model.design.relational.FKIndexAssociation" directorySegmentName="seg_0" id="E3913599-DC2B-7DB9-4162-F6E91F400DB7" containerWithKeyObject="B266EFAB-417A-8556-595E-DE29565617E5" localFKIndex="9DECCB40-696B-C7DF-0878-38110707EAAA" name="DETALLE_VENTA_PRODUCTOS_FK">
<createdBy>melis</createdBy>
<createdTime>2017-01-26 00:27:14 UTC</createdTime>
<generatorID>3439CA74-A55E-0292-E97F-CEF891AA3646</generatorID>
<ownerDesignName>sumativa1</ownerDesignName>
<referredTableLongName>PRODUCTOS</referredTableLongName>
<deleteRule>NO ACTION</deleteRule>
<referredTableID>264B6BED-0BE8-A947-A0F4-98C4F4FF4DD3</referredTableID>
<keyObject>C295FB77-E9F5-119D-269A-E20BFFB56D7E</keyObject>
<referredKeyID>C295FB77-E9F5-119D-269A-E20BFFB56D7E</referredKeyID>
<mandatory>true</mandatory>
<refColNames>codigo_num</refColNames>
<transferable>true</transferable>
<rely>false</rely>
<columnDependencyConstraintGenerateInDDL>true</columnDependencyConstraintGenerateInDDL>
</FKIndexAssociation>