<?xml version = '1.0' encoding = 'UTF-8'?>
<Diagram class="oracle.dbtools.crest.swingui.relational.DPVRelational" name="sum2_modelamiento" id="0A7932FA-F350-3D6C-9037-F52E01126733">
<createdBy>melis</createdBy>
<modifiedBy>melis</modifiedBy>
<createdTime>2026-02-09 21:51:44 UTC</createdTime>
<autoRoute>false</autoRoute>
<boxInbox>true</boxInbox>
<showLegend>false</showLegend>
<showLabels>false</showLabels>
<showRelAttributes>false</showRelAttributes>
<gridEnabled>false</gridEnabled>
<showGrid>false</showGrid>
<diagramColor>-1</diagramColor>
<display>false</display>
<notation>1</notation>
<objectViews>
<OView class="oracle.dbtools.crest.swingui.relational.TVTable" oid="1F2710C5-25AF-191B-CB1E-21DAA78F1A51" otype="Table" vid="0AF2FDA3-40D7-2C91-FD39-452DCE647962">
<hideElementsInCurrentOnly>false</hideElementsInCurrentOnly>
<bounds x="278" y="644" width="193" height="94"/>
</OView>
<OView class="oracle.dbtools.crest.swingui.relational.TVTable" oid="2B994830-B9FD-C64A-E9FD-21B24A485274" otype="Table" vid="DC8137EB-159B-4D20-E70F-5B7CC1BA7E49">
<hideElementsInCurrentOnly>false</hideElementsInCurrentOnly>
<bounds x="844" y="216" width="189" height="108"/>
</OView>
<OView class="oracle.dbtools.crest.swingui.relational.TVTable" oid="4F0E5097-7942-0406-597C-953DDDA926A7" otype="Table" vid="F40E530E-7FBF-F27E-DCD5-B42081D4A09C">
<hideElementsInCurrentOnly>false</hideElementsInCurrentOnly>
<bounds x="149" y="468" width="179" height="116"/>
</OView>
<OView class="oracle.dbtools.crest.swingui.relational.TVTable" oid="50A07003-EB8D-000A-C7A0-F5D4A964C3EB" otype="Table" vid="7741D8C7-E2BA-E77D-12BB-6DF2A46B17A0">
<hideElementsInCurrentOnly>false</hideElementsInCurrentOnly>
<bounds x="1227" y="202" width="222" height="122"/>
</OView>
<OView class="oracle.dbtools.crest.swingui.relational.TVTable" oid="6A0B3986-1A58-6C49-8A70-39EC07C9F21F" otype="Table" vid="49895C9C-D142-63D6-17E6-CCD4B6198158">
<hideElementsInCurrentOnly>false</hideElementsInCurrentOnly>
<bounds x="149" y="216" width="227" height="192"/>
</OView>
<OView class="oracle.dbtools.crest.swingui.relational.TVTable" oid="740C787F-70A0-D8E7-50C9-6841001F39F9" otype="Table" vid="53A649F0-4513-E6B4-C8F3-F94A01F6D41D">
<hideElementsInCurrentOnly>false</hideElementsInCurrentOnly>
<bounds x="551" y="468" width="213" height="108"/>
</OView>
<OView class="oracle.dbtools.crest.swingui.relational.TVTable" oid="941C4219-939B-4B13-DC72-555B59010CF2" otype="Table" vid="FA662B1E-D6A4-3546-5E1A-127DBECB6FE9">
<hideElementsInCurrentOnly>false</hideElementsInCurrentOnly>
<bounds x="149" y="20" width="279" height="136"/>
</OView>
<OView class="oracle.dbtools.crest.swingui.relational.TVTable" oid="AAAD491E-6AC4-6064-C204-33772B7A9E50" otype="Table" vid="98C222CA-2DED-C1D7-F9D2-198C0DD68866">
<hideElementsInCurrentOnly>false</hideElementsInCurrentOnly>
<bounds x="844" y="384" width="189" height="88"/>
</OView>
<OView class="oracle.dbtools.crest.swingui.relational.TVTable" oid="B9CF3AF9-B9C3-765C-999E-938BFA900454" otype="Table" vid="0EE74508-FC0A-053B-83CC-2B03A8CF865B">
<hideElementsInCurrentOnly>false</hideElementsInCurrentOnly>
<bounds x="551" y="636" width="207" height="74"/>
</OView>
<OView class="oracle.dbtools.crest.swingui.relational.TVTable" oid="EB168B9F-0AF5-F9E2-FB58-DDE94C47AB84" otype="Table" vid="C5BD6ECD-4431-488E-BF01-9C8E03DDDDF7">
<hideElementsInCurrentOnly>false</hideElementsInCurrentOnly>
<bounds x="1227" y="20" width="190" height="122"/>
</OView>
<OView class="oracle.dbtools.crest.swingui.relational.TVTable" oid="F57574AD-B6F3-2A25-782E-9BCCBE07476F" otype="Table" vid="DAAA4A0C-4913-47E9-45C2-3243D33312BC">
<hideElementsInCurrentOnly>false</hideElementsInCurrentOnly>
<bounds x="20" y="644" width="178" height="108"/>
</OView>
</objectViews>
<connectors>
<Connector class="oracle.dbtools.crest.swingui.relational.TVFKRelation" oid="197F82AA-4446-72D2-6BB4-CCAB5D405D63" otype="FKIndexAssociation" vid_source="98C222CA-2DED-C1D7-F9D2-198C0DD68866" vid_target="DC8137EB-159B-4D20-E70F-5B7CC1BA7E49">
<hideElementsInCurrentOnly>false</hideElementsInCurrentOnly>
<backgroundColor>-16777216</backgroundColor>
<lineWidth>1</lineWidth>
<points>
<point x="938" y="384"/>
<point x="938" y="324"/>
</points>
</Connector>
<Connector class="oracle.dbtools.crest.swingui.relational.TVFKRelation" oid="1E227328-8C19-297B-A9E0-02076DE01F91" otype="FKIndexAssociation" vid_source="F40E530E-7FBF-F27E-DCD5-B42081D4A09C" vid_target="49895C9C-D142-63D6-17E6-CCD4B6198158">
<hideElementsInCurrentOnly>false</hideElementsInCurrentOnly>
<backgroundColor>-16777216</backgroundColor>
<lineWidth>1</lineWidth>
<points>
<point x="238" y="468"/>
<point x="238" y="408"/>
</points>
</Connector>
<Connector class="oracle.dbtools.crest.swingui.relational.TVFKRelation" oid="2799BEA9-CA3E-9B43-18C0-D43CFEBD8E9B" otype="FKIndexAssociation" vid_source="98C222CA-2DED-C1D7-F9D2-198C0DD68866" vid_target="7741D8C7-E2BA-E77D-12BB-6DF2A46B17A0">
<hideElementsInCurrentOnly>false</hideElementsInCurrentOnly>
<backgroundColor>-16777216</backgroundColor>
<lineWidth>1</lineWidth>
<points>
<point x="1033" y="388"/>
<point x="1227" y="308"/>
</points>
</Connector>
<Connector class="oracle.dbtools.crest.swingui.relational.TVFKRelation" oid="2E7840F1-BF47-4198-EAFE-CFE3B223480C" otype="FKIndexAssociation" vid_source="F40E530E-7FBF-F27E-DCD5-B42081D4A09C" vid_target="0AF2FDA3-40D7-2C91-FD39-452DCE647962">
<hideElementsInCurrentOnly>false</hideElementsInCurrentOnly>
<backgroundColor>-16777216</backgroundColor>
<lineWidth>1</lineWidth>
<points>
<point x="303" y="584"/>
<point x="303" y="644"/>
</points>
</Connector>
<Connector class="oracle.dbtools.crest.swingui.relational.TVFKRelation" oid="4A68F937-A612-EE76-36D1-815098FF3117" otype="FKIndexAssociation" vid_source="C5BD6ECD-4431-488E-BF01-9C8E03DDDDF7" vid_target="FA662B1E-D6A4-3546-5E1A-127DBECB6FE9">
<hideElementsInCurrentOnly>false</hideElementsInCurrentOnly>
<backgroundColor>-16777216</backgroundColor>
<lineWidth>1</lineWidth>
<points>
<point x="1227" y="81"/>
<point x="428" y="81"/>
</points>
</Connector>
<Connector class="oracle.dbtools.crest.swingui.relational.TVFKRelation" oid="8DDB2F8B-1B77-9513-DFBD-A5AB22A5AE59" otype="FKIndexAssociation" vid_source="F40E530E-7FBF-F27E-DCD5-B42081D4A09C" vid_target="DAAA4A0C-4913-47E9-45C2-3243D33312BC">
<hideElementsInCurrentOnly>false</hideElementsInCurrentOnly>
<backgroundColor>-16777216</backgroundColor>
<lineWidth>1</lineWidth>
<points>
<point x="173" y="584"/>
<point x="173" y="644"/>
</points>
</Connector>
<Connector class="oracle.dbtools.crest.swingui.relational.TVFKRelation" oid="A4C2D278-956B-E5DF-0978-DAD348F2B115" otype="FKIndexAssociation" vid_source="53A649F0-4513-E6B4-C8F3-F94A01F6D41D" vid_target="49895C9C-D142-63D6-17E6-CCD4B6198158">
<hideElementsInCurrentOnly>false</hideElementsInCurrentOnly>
<backgroundColor>-16777216</backgroundColor>
<lineWidth>1</lineWidth>
<points>
<point x="555" y="468"/>
<point x="376" y="372"/>
</points>
</Connector>
<Connector class="oracle.dbtools.crest.swingui.relational.TVFKRelation" oid="AAFD079B-084A-DE1B-5C63-187AF4EEEDE1" otype="FKIndexAssociation" vid_source="49895C9C-D142-63D6-17E6-CCD4B6198158" vid_target="FA662B1E-D6A4-3546-5E1A-127DBECB6FE9">
<hideElementsInCurrentOnly>false</hideElementsInCurrentOnly>
<backgroundColor>-16777216</backgroundColor>
<lineWidth>1</lineWidth>
<points>
<point x="262" y="216"/>
<point x="262" y="156"/>
</points>
</Connector>
<Connector class="oracle.dbtools.crest.swingui.relational.TVFKRelation" oid="E298AE77-5938-B513-57F5-235F2DBAAE46" otype="FKIndexAssociation" vid_source="0EE74508-FC0A-053B-83CC-2B03A8CF865B" vid_target="53A649F0-4513-E6B4-C8F3-F94A01F6D41D">
<hideElementsInCurrentOnly>false</hideElementsInCurrentOnly>
<backgroundColor>-16777216</backgroundColor>
<lineWidth>1</lineWidth>
<points>
<point x="654" y="636"/>
<point x="654" y="576"/>
</points>
</Connector>
<Connector class="oracle.dbtools.crest.swingui.relational.TVFKRelation" oid="E894EF08-E2B6-ED11-A4F6-5E4D207081B6" otype="FKIndexAssociation" vid_source="DC8137EB-159B-4D20-E70F-5B7CC1BA7E49" vid_target="49895C9C-D142-63D6-17E6-CCD4B6198158">
<hideElementsInCurrentOnly>false</hideElementsInCurrentOnly>
<backgroundColor>-16777216</backgroundColor>
<lineWidth>1</lineWidth>
<points>
<point x="844" y="270"/>
<point x="376" y="270"/>
</points>
</Connector>
<Connector class="oracle.dbtools.crest.swingui.relational.TVFKRelation" oid="F3236076-CEB2-B687-70E5-E7359EC7B72C" otype="FKIndexAssociation" vid_source="7741D8C7-E2BA-E77D-12BB-6DF2A46B17A0" vid_target="C5BD6ECD-4431-488E-BF01-9C8E03DDDDF7">
<hideElementsInCurrentOnly>false</hideElementsInCurrentOnly>
<backgroundColor>-16777216</backgroundColor>
<lineWidth>1</lineWidth>
<points>
<point x="1322" y="202"/>
<point x="1322" y="142"/>
</points>
</Connector>
</connectors>
</Diagram>